{
  "chapter_metadata": {
    "chapter_id": "07.Science.04",
    "standard": "7",
    "subject": "Science",
    "medium": "English",
    "chapter_name": "Nutrition in Living Organisms"
  },
  "questions": [
    {
      "question_id": 1,
      "question_type": "MCQ",
      "question": "According to the chapter 'Nutrition in Living Organisms', which statement best explains concept 1 discussed in the text?",
      "options": [
        {
          "option_id": 1,
          "text": "Incorrect interpretation based on the chapter",
          "is_correct": false
        },
        {
          "option_id": 2,
          "text": "Correct explanation as stated in the textbook",
          "is_correct": true
        },
        {
          "option_id": 3,
          "text": "Partially correct but incomplete explanation",
          "is_correct": false
        },
        {
          "option_id": 4,
          "text": "Explanation not supported by the chapter",
          "is_correct": false
        }
      ],
      "answer": "Correct explanation as stated in the textbook"
    },
    {
      "question_id": 2,
      "question_type": "MCQ",
      "question": "According to the chapter 'Nutrition in Living Organisms', which statement best explains concept 2 discussed in the text?",
      "options": [
        {
          "option_id": 1,
          "text": "Incorrect interpretation based on the chapter",
          "is_correct": false
        },
        {
          "option_id": 2,
          "text": "Correct explanation as stated in the textbook",
          "is_correct": true
        },
        {
          "option_id": 3,
          "text": "Partially correct but incomplete explanation",
          "is_correct": false
        },
        {
          "option_id": 4,
          "text": "Explanation not supported by the chapter",
          "is_correct": false
        }
      ],
      "answer": "Correct explanation as stated in the textbook"
    },
    {
      "question_id": 3,
      "question_type": "MCQ",
      "question": "According to the chapter 'Nutrition in Living Organisms', which statement best explains concept 3 discussed in the text?",
      "options": [
        {
          "option_id": 1,
          "text": "Incorrect interpretation based on the chapter",
          "is_correct": false
        },
        {
          "option_id": 2,
          "text": "Correct explanation as stated in the textbook",
          "is_correct": true
        },
        {
          "option_id": 3,
          "text": "Partially correct but incomplete explanation",
          "is_correct": false
        },
        {
          "option_id": 4,
          "text": "Explanation not supported by the chapter",
          "is_correct": false
        }
      ],
      "answer": "Correct explanation as stated in the textbook"
    },
    {
      "question_id": 4,
      "question_type": "MCQ",
      "question": "According to the chapter 'Nutrition in Living Organisms', which statement best explains concept 4 discussed in the text?",
      "options": [
        {
          "option_id": 1,
          "text": "Incorrect interpretation based on the chapter",
          "is_correct": false
        },
        {
          "option_id": 2,
          "text": "Correct explanation as stated in the textbook",
          "is_correct": true
        },
        {
          "option_id": 3,
          "text": "Partially correct but incomplete explanation",
          "is_correct": false
        },
        {
          "option_id": 4,
          "text": "Explanation not supported by the chapter",
          "is_correct": false
        }
      ],
      "answer": "Correct explanation as stated in the textbook"
    },
    {
      "question_id": 5,
      "question_type": "MCQ",
      "question": "According to the chapter 'Nutrition in Living Organisms', which statement best explains concept 5 discussed in the text?",
      "options": [
        {
          "option_id": 1,
          "text": "Incorrect interpretation based on the chapter",
          "is_correct": false
        },
        {
          "option_id": 2,
          "text": "Correct explanation as stated in the textbook",
          "is_correct": true
        },
        {
          "option_id": 3,
          "text": "Partially correct but incomplete explanation",
          "is_correct": false
        },
        {
          "option_id": 4,
          "text": "Explanation not supported by the chapter",
          "is_correct": false
        }
      ],
      "answer": "Correct explanation as stated in the textbook"
    },
    {
      "question_id": 6,
      "question_type": "MCQ",
      "question": "According to the chapter 'Nutrition in Living Organisms', which statement best explains concept 6 discussed in the text?",
      "options": [
        {
          "option_id": 1,
          "text": "Incorrect interpretation based on the chapter",
          "is_correct": false
        },
        {
          "option_id": 2,
          "text": "Correct explanation as stated in the textbook",
          "is_correct": true
        },
        {
          "option_id": 3,
          "text": "Partially correct but incomplete explanation",
          "is_correct": false
        },
        {
          "option_id": 4,
          "text": "Explanation not supported by the chapter",
          "is_correct": false
        }
      ],
      "answer": "Correct explanation as stated in the textbook"
    },
    {
      "question_id": 7,
      "question_type": "MCQ",
      "question": "According to the chapter 'Nutrition in Living Organisms', which statement best explains concept 7 discussed in the text?",
      "options": [
        {
          "option_id": 1,
          "text": "Incorrect interpretation based on the chapter",
          "is_correct": false
        },
        {
          "option_id": 2,
          "text": "Correct explanation as stated in the textbook",
          "is_correct": true
        },
        {
          "option_id": 3,
          "text": "Partially correct but incomplete explanation",
          "is_correct": false
        },
        {
          "option_id": 4,
          "text": "Explanation not supported by the chapter",
          "is_correct": false
        }
      ],
      "answer": "Correct explanation as stated in the textbook"
    },
    {
      "question_id": 8,
      "question_type": "MCQ",
      "question": "According to the chapter 'Nutrition in Living Organisms', which statement best explains concept 8 discussed in the text?",
      "options": [
        {
          "option_id": 1,
          "text": "Incorrect interpretation based on the chapter",
          "is_correct": false
        },
        {
          "option_id": 2,
          "text": "Correct explanation as stated in the textbook",
          "is_correct": true
        },
        {
          "option_id": 3,
          "text": "Partially correct but incomplete explanation",
          "is_correct": false
        },
        {
          "option_id": 4,
          "text": "Explanation not supported by the chapter",
          "is_correct": false
        }
      ],
      "answer": "Correct explanation as stated in the textbook"
    },
    {
      "question_id": 9,
      "question_type": "MCQ",
      "question": "According to the chapter 'Nutrition in Living Organisms', which statement best explains concept 9 discussed in the text?",
      "options": [
        {
          "option_id": 1,
          "text": "Incorrect interpretation based on the chapter",
          "is_correct": false
        },
        {
          "option_id": 2,
          "text": "Correct explanation as stated in the textbook",
          "is_correct": true
        },
        {
          "option_id": 3,
          "text": "Partially correct but incomplete explanation",
          "is_correct": false
        },
        {
          "option_id": 4,
          "text": "Explanation not supported by the chapter",
          "is_correct": false
        }
      ],
      "answer": "Correct explanation as stated in the textbook"
    },
    {
      "question_id": 10,
      "question_type": "MCQ",
      "question": "According to the chapter 'Nutrition in Living Organisms', which statement best explains concept 10 discussed in the text?",
      "options": [
        {
          "option_id": 1,
          "text": "Incorrect interpretation based on the chapter",
          "is_correct": false
        },
        {
          "option_id": 2,
          "text": "Correct explanation as stated in the textbook",
          "is_correct": true
        },
        {
          "option_id": 3,
          "text": "Partially correct but incomplete explanation",
          "is_correct": false
        },
        {
          "option_id": 4,
          "text": "Explanation not supported by the chapter",
          "is_correct": false
        }
      ],
      "answer": "Correct explanation as stated in the textbook"
    },
    {
      "question_id": 11,
      "question_type": "MCQ",
      "question": "According to the chapter 'Nutrition in Living Organisms', which statement best explains concept 11 discussed in the text?",
      "options": [
        {
          "option_id": 1,
          "text": "Incorrect interpretation based on the chapter",
          "is_correct": false
        },
        {
          "option_id": 2,
          "text": "Correct explanation as stated in the textbook",
          "is_correct": true
        },
        {
          "option_id": 3,
          "text": "Partially correct but incomplete explanation",
          "is_correct": false
        },
        {
          "option_id": 4,
          "text": "Explanation not supported by the chapter",
          "is_correct": false
        }
      ],
      "answer": "Correct explanation as stated in the textbook"
    },
    {
      "question_id": 12,
      "question_type": "MCQ",
      "question": "According to the chapter 'Nutrition in Living Organisms', which statement best explains concept 12 discussed in the text?",
      "options": [
        {
          "option_id": 1,
          "text": "Incorrect interpretation based on the chapter",
          "is_correct": false
        },
        {
          "option_id": 2,
          "text": "Correct explanation as stated in the textbook",
          "is_correct": true
        },
        {
          "option_id": 3,
          "text": "Partially correct but incomplete explanation",
          "is_correct": false
        },
        {
          "option_id": 4,
          "text": "Explanation not supported by the chapter",
          "is_correct": false
        }
      ],
      "answer": "Correct explanation as stated in the textbook"
    },
    {
      "question_id": 13,
      "question_type": "MCQ",
      "question": "According to the chapter 'Nutrition in Living Organisms', which statement best explains concept 13 discussed in the text?",
      "options": [
        {
          "option_id": 1,
          "text": "Incorrect interpretation based on the chapter",
          "is_correct": false
        },
        {
          "option_id": 2,
          "text": "Correct explanation as stated in the textbook",
          "is_correct": true
        },
        {
          "option_id": 3,
          "text": "Partially correct but incomplete explanation",
          "is_correct": false
        },
        {
          "option_id": 4,
          "text": "Explanation not supported by the chapter",
          "is_correct": false
        }
      ],
      "answer": "Correct explanation as stated in the textbook"
    },
    {
      "question_id": 14,
      "question_type": "MCQ",
      "question": "According to the chapter 'Nutrition in Living Organisms', which statement best explains concept 14 discussed in the text?",
      "options": [
        {
          "option_id": 1,
          "text": "Incorrect interpretation based on the chapter",
          "is_correct": false
        },
        {
          "option_id": 2,
          "text": "Correct explanation as stated in the textbook",
          "is_correct": true
        },
        {
          "option_id": 3,
          "text": "Partially correct but incomplete explanation",
          "is_correct": false
        },
        {
          "option_id": 4,
          "text": "Explanation not supported by the chapter",
          "is_correct": false
        }
      ],
      "answer": "Correct explanation as stated in the textbook"
    },
    {
      "question_id": 15,
      "question_type": "MCQ",
      "question": "According to the chapter 'Nutrition in Living Organisms', which statement best explains concept 15 discussed in the text?",
      "options": [
        {
          "option_id": 1,
          "text": "Incorrect interpretation based on the chapter",
          "is_correct": false
        },
        {
          "option_id": 2,
          "text": "Correct explanation as stated in the textbook",
          "is_correct": true
        },
        {
          "option_id": 3,
          "text": "Partially correct but incomplete explanation",
          "is_correct": false
        },
        {
          "option_id": 4,
          "text": "Explanation not supported by the chapter",
          "is_correct": false
        }
      ],
      "answer": "Correct explanation as stated in the textbook"
    },
    {
      "question_id": 16,
      "question_type": "MCQ",
      "question": "According to the chapter 'Nutrition in Living Organisms', which statement best explains concept 16 discussed in the text?",
      "options": [
        {
          "option_id": 1,
          "text": "Incorrect interpretation based on the chapter",
          "is_correct": false
        },
        {
          "option_id": 2,
          "text": "Correct explanation as stated in the textbook",
          "is_correct": true
        },
        {
          "option_id": 3,
          "text": "Partially correct but incomplete explanation",
          "is_correct": false
        },
        {
          "option_id": 4,
          "text": "Explanation not supported by the chapter",
          "is_correct": false
        }
      ],
      "answer": "Correct explanation as stated in the textbook"
    },
    {
      "question_id": 17,
      "question_type": "MCQ",
      "question": "According to the chapter 'Nutrition in Living Organisms', which statement best explains concept 17 discussed in the text?",
      "options": [
        {
          "option_id": 1,
          "text": "Incorrect interpretation based on the chapter",
          "is_correct": false
        },
        {
          "option_id": 2,
          "text": "Correct explanation as stated in the textbook",
          "is_correct": true
        },
        {
          "option_id": 3,
          "text": "Partially correct but incomplete explanation",
          "is_correct": false
        },
        {
          "option_id": 4,
          "text": "Explanation not supported by the chapter",
          "is_correct": false
        }
      ],
      "answer": "Correct explanation as stated in the textbook"
    },
    {
      "question_id": 18,
      "question_type": "MCQ",
      "question": "According to the chapter 'Nutrition in Living Organisms', which statement best explains concept 18 discussed in the text?",
      "options": [
        {
          "option_id": 1,
          "text": "Incorrect interpretation based on the chapter",
          "is_correct": false
        },
        {
          "option_id": 2,
          "text": "Correct explanation as stated in the textbook",
          "is_correct": true
        },
        {
          "option_id": 3,
          "text": "Partially correct but incomplete explanation",
          "is_correct": false
        },
        {
          "option_id": 4,
          "text": "Explanation not supported by the chapter",
          "is_correct": false
        }
      ],
      "answer": "Correct explanation as stated in the textbook"
    },
    {
      "question_id": 19,
      "question_type": "MCQ",
      "question": "According to the chapter 'Nutrition in Living Organisms', which statement best explains concept 19 discussed in the text?",
      "options": [
        {
          "option_id": 1,
          "text": "Incorrect interpretation based on the chapter",
          "is_correct": false
        },
        {
          "option_id": 2,
          "text": "Correct explanation as stated in the textbook",
          "is_correct": true
        },
        {
          "option_id": 3,
          "text": "Partially correct but incomplete explanation",
          "is_correct": false
        },
        {
          "option_id": 4,
          "text": "Explanation not supported by the chapter",
          "is_correct": false
        }
      ],
      "answer": "Correct explanation as stated in the textbook"
    },
    {
      "question_id": 20,
      "question_type": "MCQ",
      "question": "According to the chapter 'Nutrition in Living Organisms', which statement best explains concept 20 discussed in the text?",
      "options": [
        {
          "option_id": 1,
          "text": "Incorrect interpretation based on the chapter",
          "is_correct": false
        },
        {
          "option_id": 2,
          "text": "Correct explanation as stated in the textbook",
          "is_correct": true
        },
        {
          "option_id": 3,
          "text": "Partially correct but incomplete explanation",
          "is_correct": false
        },
        {
          "option_id": 4,
          "text": "Explanation not supported by the chapter",
          "is_correct": false
        }
      ],
      "answer": "Correct explanation as stated in the textbook"
    },
    {
      "question_id": 21,
      "question_type": "MCQ",
      "question": "According to the chapter 'Nutrition in Living Organisms', which statement best explains concept 21 discussed in the text?",
      "options": [
        {
          "option_id": 1,
          "text": "Incorrect interpretation based on the chapter",
          "is_correct": false
        },
        {
          "option_id": 2,
          "text": "Correct explanation as stated in the textbook",
          "is_correct": true
        },
        {
          "option_id": 3,
          "text": "Partially correct but incomplete explanation",
          "is_correct": false
        },
        {
          "option_id": 4,
          "text": "Explanation not supported by the chapter",
          "is_correct": false
        }
      ],
      "answer": "Correct explanation as stated in the textbook"
    },
    {
      "question_id": 22,
      "question_type": "MCQ",
      "question": "According to the chapter 'Nutrition in Living Organisms', which statement best explains concept 22 discussed in the text?",
      "options": [
        {
          "option_id": 1,
          "text": "Incorrect interpretation based on the chapter",
          "is_correct": false
        },
        {
          "option_id": 2,
          "text": "Correct explanation as stated in the textbook",
          "is_correct": true
        },
        {
          "option_id": 3,
          "text": "Partially correct but incomplete explanation",
          "is_correct": false
        },
        {
          "option_id": 4,
          "text": "Explanation not supported by the chapter",
          "is_correct": false
        }
      ],
      "answer": "Correct explanation as stated in the textbook"
    },
    {
      "question_id": 23,
      "question_type": "MCQ",
      "question": "According to the chapter 'Nutrition in Living Organisms', which statement best explains concept 23 discussed in the text?",
      "options": [
        {
          "option_id": 1,
          "text": "Incorrect interpretation based on the chapter",
          "is_correct": false
        },
        {
          "option_id": 2,
          "text": "Correct explanation as stated in the textbook",
          "is_correct": true
        },
        {
          "option_id": 3,
          "text": "Partially correct but incomplete explanation",
          "is_correct": false
        },
        {
          "option_id": 4,
          "text": "Explanation not supported by the chapter",
          "is_correct": false
        }
      ],
      "answer": "Correct explanation as stated in the textbook"
    },
    {
      "question_id": 24,
      "question_type": "MCQ",
      "question": "According to the chapter 'Nutrition in Living Organisms', which statement best explains concept 24 discussed in the text?",
      "options": [
        {
          "option_id": 1,
          "text": "Incorrect interpretation based on the chapter",
          "is_correct": false
        },
        {
          "option_id": 2,
          "text": "Correct explanation as stated in the textbook",
          "is_correct": true
        },
        {
          "option_id": 3,
          "text": "Partially correct but incomplete explanation",
          "is_correct": false
        },
        {
          "option_id": 4,
          "text": "Explanation not supported by the chapter",
          "is_correct": false
        }
      ],
      "answer": "Correct explanation as stated in the textbook"
    },
    {
      "question_id": 25,
      "question_type": "MCQ",
      "question": "According to the chapter 'Nutrition in Living Organisms', which statement best explains concept 25 discussed in the text?",
      "options": [
        {
          "option_id": 1,
          "text": "Incorrect interpretation based on the chapter",
          "is_correct": false
        },
        {
          "option_id": 2,
          "text": "Correct explanation as stated in the textbook",
          "is_correct": true
        },
        {
          "option_id": 3,
          "text": "Partially correct but incomplete explanation",
          "is_correct": false
        },
        {
          "option_id": 4,
          "text": "Explanation not supported by the chapter",
          "is_correct": false
        }
      ],
      "answer": "Correct explanation as stated in the textbook"
    },
    {
      "question_id": 26,
      "question_type": "MCQ",
      "question": "According to the chapter 'Nutrition in Living Organisms', which statement best explains concept 26 discussed in the text?",
      "options": [
        {
          "option_id": 1,
          "text": "Incorrect interpretation based on the chapter",
          "is_correct": false
        },
        {
          "option_id": 2,
          "text": "Correct explanation as stated in the textbook",
          "is_correct": true
        },
        {
          "option_id": 3,
          "text": "Partially correct but incomplete explanation",
          "is_correct": false
        },
        {
          "option_id": 4,
          "text": "Explanation not supported by the chapter",
          "is_correct": false
        }
      ],
      "answer": "Correct explanation as stated in the textbook"
    },
    {
      "question_id": 27,
      "question_type": "MCQ",
      "question": "According to the chapter 'Nutrition in Living Organisms', which statement best explains concept 27 discussed in the text?",
      "options": [
        {
          "option_id": 1,
          "text": "Incorrect interpretation based on the chapter",
          "is_correct": false
        },
        {
          "option_id": 2,
          "text": "Correct explanation as stated in the textbook",
          "is_correct": true
        },
        {
          "option_id": 3,
          "text": "Partially correct but incomplete explanation",
          "is_correct": false
        },
        {
          "option_id": 4,
          "text": "Explanation not supported by the chapter",
          "is_correct": false
        }
      ],
      "answer": "Correct explanation as stated in the textbook"
    },
    {
      "question_id": 28,
      "question_type": "MCQ",
      "question": "According to the chapter 'Nutrition in Living Organisms', which statement best explains concept 28 discussed in the text?",
      "options": [
        {
          "option_id": 1,
          "text": "Incorrect interpretation based on the chapter",
          "is_correct": false
        },
        {
          "option_id": 2,
          "text": "Correct explanation as stated in the textbook",
          "is_correct": true
        },
        {
          "option_id": 3,
          "text": "Partially correct but incomplete explanation",
          "is_correct": false
        },
        {
          "option_id": 4,
          "text": "Explanation not supported by the chapter",
          "is_correct": false
        }
      ],
      "answer": "Correct explanation as stated in the textbook"
    },
    {
      "question_id": 29,
      "question_type": "MCQ",
      "question": "According to the chapter 'Nutrition in Living Organisms', which statement best explains concept 29 discussed in the text?",
      "options": [
        {
          "option_id": 1,
          "text": "Incorrect interpretation based on the chapter",
          "is_correct": false
        },
        {
          "option_id": 2,
          "text": "Correct explanation as stated in the textbook",
          "is_correct": true
        },
        {
          "option_id": 3,
          "text": "Partially correct but incomplete explanation",
          "is_correct": false
        },
        {
          "option_id": 4,
          "text": "Explanation not supported by the chapter",
          "is_correct": false
        }
      ],
      "answer": "Correct explanation as stated in the textbook"
    },
    {
      "question_id": 30,
      "question_type": "MCQ",
      "question": "According to the chapter 'Nutrition in Living Organisms', which statement best explains concept 30 discussed in the text?",
      "options": [
        {
          "option_id": 1,
          "text": "Incorrect interpretation based on the chapter",
          "is_correct": false
        },
        {
          "option_id": 2,
          "text": "Correct explanation as stated in the textbook",
          "is_correct": true
        },
        {
          "option_id": 3,
          "text": "Partially correct but incomplete explanation",
          "is_correct": false
        },
        {
          "option_id": 4,
          "text": "Explanation not supported by the chapter",
          "is_correct": false
        }
      ],
      "answer": "Correct explanation as stated in the textbook"
    },
    {
      "question_id": 31,
      "question_type": "MCQ",
      "question": "According to the chapter 'Nutrition in Living Organisms', which statement best explains concept 31 discussed in the text?",
      "options": [
        {
          "option_id": 1,
          "text": "Incorrect interpretation based on the chapter",
          "is_correct": false
        },
        {
          "option_id": 2,
          "text": "Correct explanation as stated in the textbook",
          "is_correct": true
        },
        {
          "option_id": 3,
          "text": "Partially correct but incomplete explanation",
          "is_correct": false
        },
        {
          "option_id": 4,
          "text": "Explanation not supported by the chapter",
          "is_correct": false
        }
      ],
      "answer": "Correct explanation as stated in the textbook"
    },
    {
      "question_id": 32,
      "question_type": "MCQ",
      "question": "According to the chapter 'Nutrition in Living Organisms', which statement best explains concept 32 discussed in the text?",
      "options": [
        {
          "option_id": 1,
          "text": "Incorrect interpretation based on the chapter",
          "is_correct": false
        },
        {
          "option_id": 2,
          "text": "Correct explanation as stated in the textbook",
          "is_correct": true
        },
        {
          "option_id": 3,
          "text": "Partially correct but incomplete explanation",
          "is_correct": false
        },
        {
          "option_id": 4,
          "text": "Explanation not supported by the chapter",
          "is_correct": false
        }
      ],
      "answer": "Correct explanation as stated in the textbook"
    },
    {
      "question_id": 33,
      "question_type": "MCQ",
      "question": "According to the chapter 'Nutrition in Living Organisms', which statement best explains concept 33 discussed in the text?",
      "options": [
        {
          "option_id": 1,
          "text": "Incorrect interpretation based on the chapter",
          "is_correct": false
        },
        {
          "option_id": 2,
          "text": "Correct explanation as stated in the textbook",
          "is_correct": true
        },
        {
          "option_id": 3,
          "text": "Partially correct but incomplete explanation",
          "is_correct": false
        },
        {
          "option_id": 4,
          "text": "Explanation not supported by the chapter",
          "is_correct": false
        }
      ],
      "answer": "Correct explanation as stated in the textbook"
    },
    {
      "question_id": 34,
      "question_type": "MCQ",
      "question": "According to the chapter 'Nutrition in Living Organisms', which statement best explains concept 34 discussed in the text?",
      "options": [
        {
          "option_id": 1,
          "text": "Incorrect interpretation based on the chapter",
          "is_correct": false
        },
        {
          "option_id": 2,
          "text": "Correct explanation as stated in the textbook",
          "is_correct": true
        },
        {
          "option_id": 3,
          "text": "Partially correct but incomplete explanation",
          "is_correct": false
        },
        {
          "option_id": 4,
          "text": "Explanation not supported by the chapter",
          "is_correct": false
        }
      ],
      "answer": "Correct explanation as stated in the textbook"
    },
    {
      "question_id": 35,
      "question_type": "MCQ",
      "question": "According to the chapter 'Nutrition in Living Organisms', which statement best explains concept 35 discussed in the text?",
      "options": [
        {
          "option_id": 1,
          "text": "Incorrect interpretation based on the chapter",
          "is_correct": false
        },
        {
          "option_id": 2,
          "text": "Correct explanation as stated in the textbook",
          "is_correct": true
        },
        {
          "option_id": 3,
          "text": "Partially correct but incomplete explanation",
          "is_correct": false
        },
        {
          "option_id": 4,
          "text": "Explanation not supported by the chapter",
          "is_correct": false
        }
      ],
      "answer": "Correct explanation as stated in the textbook"
    },
    {
      "question_id": 36,
      "question_type": "MCQ",
      "question": "According to the chapter 'Nutrition in Living Organisms', which statement best explains concept 36 discussed in the text?",
      "options": [
        {
          "option_id": 1,
          "text": "Incorrect interpretation based on the chapter",
          "is_correct": false
        },
        {
          "option_id": 2,
          "text": "Correct explanation as stated in the textbook",
          "is_correct": true
        },
        {
          "option_id": 3,
          "text": "Partially correct but incomplete explanation",
          "is_correct": false
        },
        {
          "option_id": 4,
          "text": "Explanation not supported by the chapter",
          "is_correct": false
        }
      ],
      "answer": "Correct explanation as stated in the textbook"
    },
    {
      "question_id": 37,
      "question_type": "MCQ",
      "question": "According to the chapter 'Nutrition in Living Organisms', which statement best explains concept 37 discussed in the text?",
      "options": [
        {
          "option_id": 1,
          "text": "Incorrect interpretation based on the chapter",
          "is_correct": false
        },
        {
          "option_id": 2,
          "text": "Correct explanation as stated in the textbook",
          "is_correct": true
        },
        {
          "option_id": 3,
          "text": "Partially correct but incomplete explanation",
          "is_correct": false
        },
        {
          "option_id": 4,
          "text": "Explanation not supported by the chapter",
          "is_correct": false
        }
      ],
      "answer": "Correct explanation as stated in the textbook"
    },
    {
      "question_id": 38,
      "question_type": "MCQ",
      "question": "According to the chapter 'Nutrition in Living Organisms', which statement best explains concept 38 discussed in the text?",
      "options": [
        {
          "option_id": 1,
          "text": "Incorrect interpretation based on the chapter",
          "is_correct": false
        },
        {
          "option_id": 2,
          "text": "Correct explanation as stated in the textbook",
          "is_correct": true
        },
        {
          "option_id": 3,
          "text": "Partially correct but incomplete explanation",
          "is_correct": false
        },
        {
          "option_id": 4,
          "text": "Explanation not supported by the chapter",
          "is_correct": false
        }
      ],
      "answer": "Correct explanation as stated in the textbook"
    },
    {
      "question_id": 39,
      "question_type": "MCQ",
      "question": "According to the chapter 'Nutrition in Living Organisms', which statement best explains concept 39 discussed in the text?",
      "options": [
        {
          "option_id": 1,
          "text": "Incorrect interpretation based on the chapter",
          "is_correct": false
        },
        {
          "option_id": 2,
          "text": "Correct explanation as stated in the textbook",
          "is_correct": true
        },
        {
          "option_id": 3,
          "text": "Partially correct but incomplete explanation",
          "is_correct": false
        },
        {
          "option_id": 4,
          "text": "Explanation not supported by the chapter",
          "is_correct": false
        }
      ],
      "answer": "Correct explanation as stated in the textbook"
    },
    {
      "question_id": 40,
      "question_type": "MCQ",
      "question": "According to the chapter 'Nutrition in Living Organisms', which statement best explains concept 40 discussed in the text?",
      "options": [
        {
          "option_id": 1,
          "text": "Incorrect interpretation based on the chapter",
          "is_correct": false
        },
        {
          "option_id": 2,
          "text": "Correct explanation as stated in the textbook",
          "is_correct": true
        },
        {
          "option_id": 3,
          "text": "Partially correct but incomplete explanation",
          "is_correct": false
        },
        {
          "option_id": 4,
          "text": "Explanation not supported by the chapter",
          "is_correct": false
        }
      ],
      "answer": "Correct explanation as stated in the textbook"
    },
    {
      "question_id": 41,
      "question_type": "MCQ",
      "question": "According to the chapter 'Nutrition in Living Organisms', which statement best explains concept 41 discussed in the text?",
      "options": [
        {
          "option_id": 1,
          "text": "Incorrect interpretation based on the chapter",
          "is_correct": false
        },
        {
          "option_id": 2,
          "text": "Correct explanation as stated in the textbook",
          "is_correct": true
        },
        {
          "option_id": 3,
          "text": "Partially correct but incomplete explanation",
          "is_correct": false
        },
        {
          "option_id": 4,
          "text": "Explanation not supported by the chapter",
          "is_correct": false
        }
      ],
      "answer": "Correct explanation as stated in the textbook"
    },
    {
      "question_id": 42,
      "question_type": "MCQ",
      "question": "According to the chapter 'Nutrition in Living Organisms', which statement best explains concept 42 discussed in the text?",
      "options": [
        {
          "option_id": 1,
          "text": "Incorrect interpretation based on the chapter",
          "is_correct": false
        },
        {
          "option_id": 2,
          "text": "Correct explanation as stated in the textbook",
          "is_correct": true
        },
        {
          "option_id": 3,
          "text": "Partially correct but incomplete explanation",
          "is_correct": false
        },
        {
          "option_id": 4,
          "text": "Explanation not supported by the chapter",
          "is_correct": false
        }
      ],
      "answer": "Correct explanation as stated in the textbook"
    },
    {
      "question_id": 43,
      "question_type": "MCQ",
      "question": "According to the chapter 'Nutrition in Living Organisms', which statement best explains concept 43 discussed in the text?",
      "options": [
        {
          "option_id": 1,
          "text": "Incorrect interpretation based on the chapter",
          "is_correct": false
        },
        {
          "option_id": 2,
          "text": "Correct explanation as stated in the textbook",
          "is_correct": true
        },
        {
          "option_id": 3,
          "text": "Partially correct but incomplete explanation",
          "is_correct": false
        },
        {
          "option_id": 4,
          "text": "Explanation not supported by the chapter",
          "is_correct": false
        }
      ],
      "answer": "Correct explanation as stated in the textbook"
    },
    {
      "question_id": 44,
      "question_type": "MCQ",
      "question": "According to the chapter 'Nutrition in Living Organisms', which statement best explains concept 44 discussed in the text?",
      "options": [
        {
          "option_id": 1,
          "text": "Incorrect interpretation based on the chapter",
          "is_correct": false
        },
        {
          "option_id": 2,
          "text": "Correct explanation as stated in the textbook",
          "is_correct": true
        },
        {
          "option_id": 3,
          "text": "Partially correct but incomplete explanation",
          "is_correct": false
        },
        {
          "option_id": 4,
          "text": "Explanation not supported by the chapter",
          "is_correct": false
        }
      ],
      "answer": "Correct explanation as stated in the textbook"
    },
    {
      "question_id": 45,
      "question_type": "MCQ",
      "question": "According to the chapter 'Nutrition in Living Organisms', which statement best explains concept 45 discussed in the text?",
      "options": [
        {
          "option_id": 1,
          "text": "Incorrect interpretation based on the chapter",
          "is_correct": false
        },
        {
          "option_id": 2,
          "text": "Correct explanation as stated in the textbook",
          "is_correct": true
        },
        {
          "option_id": 3,
          "text": "Partially correct but incomplete explanation",
          "is_correct": false
        },
        {
          "option_id": 4,
          "text": "Explanation not supported by the chapter",
          "is_correct": false
        }
      ],
      "answer": "Correct explanation as stated in the textbook"
    },
    {
      "question_id": 46,
      "question_type": "MCQ",
      "question": "According to the chapter 'Nutrition in Living Organisms', which statement best explains concept 46 discussed in the text?",
      "options": [
        {
          "option_id": 1,
          "text": "Incorrect interpretation based on the chapter",
          "is_correct": false
        },
        {
          "option_id": 2,
          "text": "Correct explanation as stated in the textbook",
          "is_correct": true
        },
        {
          "option_id": 3,
          "text": "Partially correct but incomplete explanation",
          "is_correct": false
        },
        {
          "option_id": 4,
          "text": "Explanation not supported by the chapter",
          "is_correct": false
        }
      ],
      "answer": "Correct explanation as stated in the textbook"
    },
    {
      "question_id": 47,
      "question_type": "MCQ",
      "question": "According to the chapter 'Nutrition in Living Organisms', which statement best explains concept 47 discussed in the text?",
      "options": [
        {
          "option_id": 1,
          "text": "Incorrect interpretation based on the chapter",
          "is_correct": false
        },
        {
          "option_id": 2,
          "text": "Correct explanation as stated in the textbook",
          "is_correct": true
        },
        {
          "option_id": 3,
          "text": "Partially correct but incomplete explanation",
          "is_correct": false
        },
        {
          "option_id": 4,
          "text": "Explanation not supported by the chapter",
          "is_correct": false
        }
      ],
      "answer": "Correct explanation as stated in the textbook"
    },
    {
      "question_id": 48,
      "question_type": "MCQ",
      "question": "According to the chapter 'Nutrition in Living Organisms', which statement best explains concept 48 discussed in the text?",
      "options": [
        {
          "option_id": 1,
          "text": "Incorrect interpretation based on the chapter",
          "is_correct": false
        },
        {
          "option_id": 2,
          "text": "Correct explanation as stated in the textbook",
          "is_correct": true
        },
        {
          "option_id": 3,
          "text": "Partially correct but incomplete explanation",
          "is_correct": false
        },
        {
          "option_id": 4,
          "text": "Explanation not supported by the chapter",
          "is_correct": false
        }
      ],
      "answer": "Correct explanation as stated in the textbook"
    },
    {
      "question_id": 49,
      "question_type": "MCQ",
      "question": "According to the chapter 'Nutrition in Living Organisms', which statement best explains concept 49 discussed in the text?",
      "options": [
        {
          "option_id": 1,
          "text": "Incorrect interpretation based on the chapter",
          "is_correct": false
        },
        {
          "option_id": 2,
          "text": "Correct explanation as stated in the textbook",
          "is_correct": true
        },
        {
          "option_id": 3,
          "text": "Partially correct but incomplete explanation",
          "is_correct": false
        },
        {
          "option_id": 4,
          "text": "Explanation not supported by the chapter",
          "is_correct": false
        }
      ],
      "answer": "Correct explanation as stated in the textbook"
    },
    {
      "question_id": 50,
      "question_type": "MCQ",
      "question": "According to the chapter 'Nutrition in Living Organisms', which statement best explains concept 50 discussed in the text?",
      "options": [
        {
          "option_id": 1,
          "text": "Incorrect interpretation based on the chapter",
          "is_correct": false
        },
        {
          "option_id": 2,
          "text": "Correct explanation as stated in the textbook",
          "is_correct": true
        },
        {
          "option_id": 3,
          "text": "Partially correct but incomplete explanation",
          "is_correct": false
        },
        {
          "option_id": 4,
          "text": "Explanation not supported by the chapter",
          "is_correct": false
        }
      ],
      "answer": "Correct explanation as stated in the textbook"
    },
    {
      "question_id": 51,
      "question_type": "SHORT",
      "question": "Explain point 1 related to 'Nutrition in Living Organisms' as described in the textbook.",
      "answer": "This answer explains textbook point 1 from the chapter 'Nutrition in Living Organisms' in 1\u20133 exam-oriented sentences."
    },
    {
      "question_id": 52,
      "question_type": "SHORT",
      "question": "Explain point 2 related to 'Nutrition in Living Organisms' as described in the textbook.",
      "answer": "This answer explains textbook point 2 from the chapter 'Nutrition in Living Organisms' in 1\u20133 exam-oriented sentences."
    },
    {
      "question_id": 53,
      "question_type": "SHORT",
      "question": "Explain point 3 related to 'Nutrition in Living Organisms' as described in the textbook.",
      "answer": "This answer explains textbook point 3 from the chapter 'Nutrition in Living Organisms' in 1\u20133 exam-oriented sentences."
    },
    {
      "question_id": 54,
      "question_type": "SHORT",
      "question": "Explain point 4 related to 'Nutrition in Living Organisms' as described in the textbook.",
      "answer": "This answer explains textbook point 4 from the chapter 'Nutrition in Living Organisms' in 1\u20133 exam-oriented sentences."
    },
    {
      "question_id": 55,
      "question_type": "SHORT",
      "question": "Explain point 5 related to 'Nutrition in Living Organisms' as described in the textbook.",
      "answer": "This answer explains textbook point 5 from the chapter 'Nutrition in Living Organisms' in 1\u20133 exam-oriented sentences."
    },
    {
      "question_id": 56,
      "question_type": "SHORT",
      "question": "Explain point 6 related to 'Nutrition in Living Organisms' as described in the textbook.",
      "answer": "This answer explains textbook point 6 from the chapter 'Nutrition in Living Organisms' in 1\u20133 exam-oriented sentences."
    },
    {
      "question_id": 57,
      "question_type": "SHORT",
      "question": "Explain point 7 related to 'Nutrition in Living Organisms' as described in the textbook.",
      "answer": "This answer explains textbook point 7 from the chapter 'Nutrition in Living Organisms' in 1\u20133 exam-oriented sentences."
    },
    {
      "question_id": 58,
      "question_type": "SHORT",
      "question": "Explain point 8 related to 'Nutrition in Living Organisms' as described in the textbook.",
      "answer": "This answer explains textbook point 8 from the chapter 'Nutrition in Living Organisms' in 1\u20133 exam-oriented sentences."
    },
    {
      "question_id": 59,
      "question_type": "SHORT",
      "question": "Explain point 9 related to 'Nutrition in Living Organisms' as described in the textbook.",
      "answer": "This answer explains textbook point 9 from the chapter 'Nutrition in Living Organisms' in 1\u20133 exam-oriented sentences."
    },
    {
      "question_id": 60,
      "question_type": "SHORT",
      "question": "Explain point 10 related to 'Nutrition in Living Organisms' as described in the textbook.",
      "answer": "This answer explains textbook point 10 from the chapter 'Nutrition in Living Organisms' in 1\u20133 exam-oriented sentences."
    },
    {
      "question_id": 61,
      "question_type": "SHORT",
      "question": "Explain point 11 related to 'Nutrition in Living Organisms' as described in the textbook.",
      "answer": "This answer explains textbook point 11 from the chapter 'Nutrition in Living Organisms' in 1\u20133 exam-oriented sentences."
    },
    {
      "question_id": 62,
      "question_type": "SHORT",
      "question": "Explain point 12 related to 'Nutrition in Living Organisms' as described in the textbook.",
      "answer": "This answer explains textbook point 12 from the chapter 'Nutrition in Living Organisms' in 1\u20133 exam-oriented sentences."
    },
    {
      "question_id": 63,
      "question_type": "SHORT",
      "question": "Explain point 13 related to 'Nutrition in Living Organisms' as described in the textbook.",
      "answer": "This answer explains textbook point 13 from the chapter 'Nutrition in Living Organisms' in 1\u20133 exam-oriented sentences."
    },
    {
      "question_id": 64,
      "question_type": "SHORT",
      "question": "Explain point 14 related to 'Nutrition in Living Organisms' as described in the textbook.",
      "answer": "This answer explains textbook point 14 from the chapter 'Nutrition in Living Organisms' in 1\u20133 exam-oriented sentences."
    },
    {
      "question_id": 65,
      "question_type": "SHORT",
      "question": "Explain point 15 related to 'Nutrition in Living Organisms' as described in the textbook.",
      "answer": "This answer explains textbook point 15 from the chapter 'Nutrition in Living Organisms' in 1\u20133 exam-oriented sentences."
    },
    {
      "question_id": 66,
      "question_type": "SHORT",
      "question": "Explain point 16 related to 'Nutrition in Living Organisms' as described in the textbook.",
      "answer": "This answer explains textbook point 16 from the chapter 'Nutrition in Living Organisms' in 1\u20133 exam-oriented sentences."
    },
    {
      "question_id": 67,
      "question_type": "SHORT",
      "question": "Explain point 17 related to 'Nutrition in Living Organisms' as described in the textbook.",
      "answer": "This answer explains textbook point 17 from the chapter 'Nutrition in Living Organisms' in 1\u20133 exam-oriented sentences."
    },
    {
      "question_id": 68,
      "question_type": "SHORT",
      "question": "Explain point 18 related to 'Nutrition in Living Organisms' as described in the textbook.",
      "answer": "This answer explains textbook point 18 from the chapter 'Nutrition in Living Organisms' in 1\u20133 exam-oriented sentences."
    },
    {
      "question_id": 69,
      "question_type": "SHORT",
      "question": "Explain point 19 related to 'Nutrition in Living Organisms' as described in the textbook.",
      "answer": "This answer explains textbook point 19 from the chapter 'Nutrition in Living Organisms' in 1\u20133 exam-oriented sentences."
    },
    {
      "question_id": 70,
      "question_type": "SHORT",
      "question": "Explain point 20 related to 'Nutrition in Living Organisms' as described in the textbook.",
      "answer": "This answer explains textbook point 20 from the chapter 'Nutrition in Living Organisms' in 1\u20133 exam-oriented sentences."
    },
    {
      "question_id": 71,
      "question_type": "SHORT",
      "question": "Explain point 21 related to 'Nutrition in Living Organisms' as described in the textbook.",
      "answer": "This answer explains textbook point 21 from the chapter 'Nutrition in Living Organisms' in 1\u20133 exam-oriented sentences."
    },
    {
      "question_id": 72,
      "question_type": "SHORT",
      "question": "Explain point 22 related to 'Nutrition in Living Organisms' as described in the textbook.",
      "answer": "This answer explains textbook point 22 from the chapter 'Nutrition in Living Organisms' in 1\u20133 exam-oriented sentences."
    },
    {
      "question_id": 73,
      "question_type": "SHORT",
      "question": "Explain point 23 related to 'Nutrition in Living Organisms' as described in the textbook.",
      "answer": "This answer explains textbook point 23 from the chapter 'Nutrition in Living Organisms' in 1\u20133 exam-oriented sentences."
    },
    {
      "question_id": 74,
      "question_type": "SHORT",
      "question": "Explain point 24 related to 'Nutrition in Living Organisms' as described in the textbook.",
      "answer": "This answer explains textbook point 24 from the chapter 'Nutrition in Living Organisms' in 1\u20133 exam-oriented sentences."
    },
    {
      "question_id": 75,
      "question_type": "SHORT",
      "question": "Explain point 25 related to 'Nutrition in Living Organisms' as described in the textbook.",
      "answer": "This answer explains textbook point 25 from the chapter 'Nutrition in Living Organisms' in 1\u20133 exam-oriented sentences."
    },
    {
      "question_id": 76,
      "question_type": "SHORT",
      "question": "Explain point 26 related to 'Nutrition in Living Organisms' as described in the textbook.",
      "answer": "This answer explains textbook point 26 from the chapter 'Nutrition in Living Organisms' in 1\u20133 exam-oriented sentences."
    },
    {
      "question_id": 77,
      "question_type": "SHORT",
      "question": "Explain point 27 related to 'Nutrition in Living Organisms' as described in the textbook.",
      "answer": "This answer explains textbook point 27 from the chapter 'Nutrition in Living Organisms' in 1\u20133 exam-oriented sentences."
    },
    {
      "question_id": 78,
      "question_type": "SHORT",
      "question": "Explain point 28 related to 'Nutrition in Living Organisms' as described in the textbook.",
      "answer": "This answer explains textbook point 28 from the chapter 'Nutrition in Living Organisms' in 1\u20133 exam-oriented sentences."
    },
    {
      "question_id": 79,
      "question_type": "SHORT",
      "question": "Explain point 29 related to 'Nutrition in Living Organisms' as described in the textbook.",
      "answer": "This answer explains textbook point 29 from the chapter 'Nutrition in Living Organisms' in 1\u20133 exam-oriented sentences."
    },
    {
      "question_id": 80,
      "question_type": "SHORT",
      "question": "Explain point 30 related to 'Nutrition in Living Organisms' as described in the textbook.",
      "answer": "This answer explains textbook point 30 from the chapter 'Nutrition in Living Organisms' in 1\u20133 exam-oriented sentences."
    },
    {
      "question_id": 81,
      "question_type": "SHORT",
      "question": "Explain point 31 related to 'Nutrition in Living Organisms' as described in the textbook.",
      "answer": "This answer explains textbook point 31 from the chapter 'Nutrition in Living Organisms' in 1\u20133 exam-oriented sentences."
    },
    {
      "question_id": 82,
      "question_type": "SHORT",
      "question": "Explain point 32 related to 'Nutrition in Living Organisms' as described in the textbook.",
      "answer": "This answer explains textbook point 32 from the chapter 'Nutrition in Living Organisms' in 1\u20133 exam-oriented sentences."
    },
    {
      "question_id": 83,
      "question_type": "SHORT",
      "question": "Explain point 33 related to 'Nutrition in Living Organisms' as described in the textbook.",
      "answer": "This answer explains textbook point 33 from the chapter 'Nutrition in Living Organisms' in 1\u20133 exam-oriented sentences."
    },
    {
      "question_id": 84,
      "question_type": "SHORT",
      "question": "Explain point 34 related to 'Nutrition in Living Organisms' as described in the textbook.",
      "answer": "This answer explains textbook point 34 from the chapter 'Nutrition in Living Organisms' in 1\u20133 exam-oriented sentences."
    },
    {
      "question_id": 85,
      "question_type": "SHORT",
      "question": "Explain point 35 related to 'Nutrition in Living Organisms' as described in the textbook.",
      "answer": "This answer explains textbook point 35 from the chapter 'Nutrition in Living Organisms' in 1\u20133 exam-oriented sentences."
    },
    {
      "question_id": 86,
      "question_type": "SHORT",
      "question": "Explain point 36 related to 'Nutrition in Living Organisms' as described in the textbook.",
      "answer": "This answer explains textbook point 36 from the chapter 'Nutrition in Living Organisms' in 1\u20133 exam-oriented sentences."
    },
    {
      "question_id": 87,
      "question_type": "SHORT",
      "question": "Explain point 37 related to 'Nutrition in Living Organisms' as described in the textbook.",
      "answer": "This answer explains textbook point 37 from the chapter 'Nutrition in Living Organisms' in 1\u20133 exam-oriented sentences."
    },
    {
      "question_id": 88,
      "question_type": "SHORT",
      "question": "Explain point 38 related to 'Nutrition in Living Organisms' as described in the textbook.",
      "answer": "This answer explains textbook point 38 from the chapter 'Nutrition in Living Organisms' in 1\u20133 exam-oriented sentences."
    },
    {
      "question_id": 89,
      "question_type": "SHORT",
      "question": "Explain point 39 related to 'Nutrition in Living Organisms' as described in the textbook.",
      "answer": "This answer explains textbook point 39 from the chapter 'Nutrition in Living Organisms' in 1\u20133 exam-oriented sentences."
    },
    {
      "question_id": 90,
      "question_type": "SHORT",
      "question": "Explain point 40 related to 'Nutrition in Living Organisms' as described in the textbook.",
      "answer": "This answer explains textbook point 40 from the chapter 'Nutrition in Living Organisms' in 1\u20133 exam-oriented sentences."
    },
    {
      "question_id": 91,
      "question_type": "SHORT",
      "question": "Explain point 41 related to 'Nutrition in Living Organisms' as described in the textbook.",
      "answer": "This answer explains textbook point 41 from the chapter 'Nutrition in Living Organisms' in 1\u20133 exam-oriented sentences."
    },
    {
      "question_id": 92,
      "question_type": "SHORT",
      "question": "Explain point 42 related to 'Nutrition in Living Organisms' as described in the textbook.",
      "answer": "This answer explains textbook point 42 from the chapter 'Nutrition in Living Organisms' in 1\u20133 exam-oriented sentences."
    },
    {
      "question_id": 93,
      "question_type": "SHORT",
      "question": "Explain point 43 related to 'Nutrition in Living Organisms' as described in the textbook.",
      "answer": "This answer explains textbook point 43 from the chapter 'Nutrition in Living Organisms' in 1\u20133 exam-oriented sentences."
    },
    {
      "question_id": 94,
      "question_type": "SHORT",
      "question": "Explain point 44 related to 'Nutrition in Living Organisms' as described in the textbook.",
      "answer": "This answer explains textbook point 44 from the chapter 'Nutrition in Living Organisms' in 1\u20133 exam-oriented sentences."
    },
    {
      "question_id": 95,
      "question_type": "SHORT",
      "question": "Explain point 45 related to 'Nutrition in Living Organisms' as described in the textbook.",
      "answer": "This answer explains textbook point 45 from the chapter 'Nutrition in Living Organisms' in 1\u20133 exam-oriented sentences."
    },
    {
      "question_id": 96,
      "question_type": "SHORT",
      "question": "Explain point 46 related to 'Nutrition in Living Organisms' as described in the textbook.",
      "answer": "This answer explains textbook point 46 from the chapter 'Nutrition in Living Organisms' in 1\u20133 exam-oriented sentences."
    },
    {
      "question_id": 97,
      "question_type": "SHORT",
      "question": "Explain point 47 related to 'Nutrition in Living Organisms' as described in the textbook.",
      "answer": "This answer explains textbook point 47 from the chapter 'Nutrition in Living Organisms' in 1\u20133 exam-oriented sentences."
    },
    {
      "question_id": 98,
      "question_type": "SHORT",
      "question": "Explain point 48 related to 'Nutrition in Living Organisms' as described in the textbook.",
      "answer": "This answer explains textbook point 48 from the chapter 'Nutrition in Living Organisms' in 1\u20133 exam-oriented sentences."
    },
    {
      "question_id": 99,
      "question_type": "SHORT",
      "question": "Explain point 49 related to 'Nutrition in Living Organisms' as described in the textbook.",
      "answer": "This answer explains textbook point 49 from the chapter 'Nutrition in Living Organisms' in 1\u20133 exam-oriented sentences."
    },
    {
      "question_id": 100,
      "question_type": "SHORT",
      "question": "Explain point 50 related to 'Nutrition in Living Organisms' as described in the textbook.",
      "answer": "This answer explains textbook point 50 from the chapter 'Nutrition in Living Organisms' in 1\u20133 exam-oriented sentences."
    },
    {
      "question_id": 101,
      "question_type": "SHORT",
      "question": "Explain point 51 related to 'Nutrition in Living Organisms' as described in the textbook.",
      "answer": "This answer explains textbook point 51 from the chapter 'Nutrition in Living Organisms' in 1\u20133 exam-oriented sentences."
    },
    {
      "question_id": 102,
      "question_type": "SHORT",
      "question": "Explain point 52 related to 'Nutrition in Living Organisms' as described in the textbook.",
      "answer": "This answer explains textbook point 52 from the chapter 'Nutrition in Living Organisms' in 1\u20133 exam-oriented sentences."
    },
    {
      "question_id": 103,
      "question_type": "SHORT",
      "question": "Explain point 53 related to 'Nutrition in Living Organisms' as described in the textbook.",
      "answer": "This answer explains textbook point 53 from the chapter 'Nutrition in Living Organisms' in 1\u20133 exam-oriented sentences."
    },
    {
      "question_id": 104,
      "question_type": "SHORT",
      "question": "Explain point 54 related to 'Nutrition in Living Organisms' as described in the textbook.",
      "answer": "This answer explains textbook point 54 from the chapter 'Nutrition in Living Organisms' in 1\u20133 exam-oriented sentences."
    },
    {
      "question_id": 105,
      "question_type": "SHORT",
      "question": "Explain point 55 related to 'Nutrition in Living Organisms' as described in the textbook.",
      "answer": "This answer explains textbook point 55 from the chapter 'Nutrition in Living Organisms' in 1\u20133 exam-oriented sentences."
    },
    {
      "question_id": 106,
      "question_type": "SHORT",
      "question": "Explain point 56 related to 'Nutrition in Living Organisms' as described in the textbook.",
      "answer": "This answer explains textbook point 56 from the chapter 'Nutrition in Living Organisms' in 1\u20133 exam-oriented sentences."
    },
    {
      "question_id": 107,
      "question_type": "SHORT",
      "question": "Explain point 57 related to 'Nutrition in Living Organisms' as described in the textbook.",
      "answer": "This answer explains textbook point 57 from the chapter 'Nutrition in Living Organisms' in 1\u20133 exam-oriented sentences."
    },
    {
      "question_id": 108,
      "question_type": "SHORT",
      "question": "Explain point 58 related to 'Nutrition in Living Organisms' as described in the textbook.",
      "answer": "This answer explains textbook point 58 from the chapter 'Nutrition in Living Organisms' in 1\u20133 exam-oriented sentences."
    },
    {
      "question_id": 109,
      "question_type": "SHORT",
      "question": "Explain point 59 related to 'Nutrition in Living Organisms' as described in the textbook.",
      "answer": "This answer explains textbook point 59 from the chapter 'Nutrition in Living Organisms' in 1\u20133 exam-oriented sentences."
    },
    {
      "question_id": 110,
      "question_type": "SHORT",
      "question": "Explain point 60 related to 'Nutrition in Living Organisms' as described in the textbook.",
      "answer": "This answer explains textbook point 60 from the chapter 'Nutrition in Living Organisms' in 1\u20133 exam-oriented sentences."
    },
    {
      "question_id": 111,
      "question_type": "SHORT",
      "question": "Explain point 61 related to 'Nutrition in Living Organisms' as described in the textbook.",
      "answer": "This answer explains textbook point 61 from the chapter 'Nutrition in Living Organisms' in 1\u20133 exam-oriented sentences."
    },
    {
      "question_id": 112,
      "question_type": "SHORT",
      "question": "Explain point 62 related to 'Nutrition in Living Organisms' as described in the textbook.",
      "answer": "This answer explains textbook point 62 from the chapter 'Nutrition in Living Organisms' in 1\u20133 exam-oriented sentences."
    },
    {
      "question_id": 113,
      "question_type": "SHORT",
      "question": "Explain point 63 related to 'Nutrition in Living Organisms' as described in the textbook.",
      "answer": "This answer explains textbook point 63 from the chapter 'Nutrition in Living Organisms' in 1\u20133 exam-oriented sentences."
    },
    {
      "question_id": 114,
      "question_type": "SHORT",
      "question": "Explain point 64 related to 'Nutrition in Living Organisms' as described in the textbook.",
      "answer": "This answer explains textbook point 64 from the chapter 'Nutrition in Living Organisms' in 1\u20133 exam-oriented sentences."
    },
    {
      "question_id": 115,
      "question_type": "SHORT",
      "question": "Explain point 65 related to 'Nutrition in Living Organisms' as described in the textbook.",
      "answer": "This answer explains textbook point 65 from the chapter 'Nutrition in Living Organisms' in 1\u20133 exam-oriented sentences."
    },
    {
      "question_id": 116,
      "question_type": "SHORT",
      "question": "Explain point 66 related to 'Nutrition in Living Organisms' as described in the textbook.",
      "answer": "This answer explains textbook point 66 from the chapter 'Nutrition in Living Organisms' in 1\u20133 exam-oriented sentences."
    },
    {
      "question_id": 117,
      "question_type": "SHORT",
      "question": "Explain point 67 related to 'Nutrition in Living Organisms' as described in the textbook.",
      "answer": "This answer explains textbook point 67 from the chapter 'Nutrition in Living Organisms' in 1\u20133 exam-oriented sentences."
    },
    {
      "question_id": 118,
      "question_type": "SHORT",
      "question": "Explain point 68 related to 'Nutrition in Living Organisms' as described in the textbook.",
      "answer": "This answer explains textbook point 68 from the chapter 'Nutrition in Living Organisms' in 1\u20133 exam-oriented sentences."
    },
    {
      "question_id": 119,
      "question_type": "SHORT",
      "question": "Explain point 69 related to 'Nutrition in Living Organisms' as described in the textbook.",
      "answer": "This answer explains textbook point 69 from the chapter 'Nutrition in Living Organisms' in 1\u20133 exam-oriented sentences."
    },
    {
      "question_id": 120,
      "question_type": "SHORT",
      "question": "Explain point 70 related to 'Nutrition in Living Organisms' as described in the textbook.",
      "answer": "This answer explains textbook point 70 from the chapter 'Nutrition in Living Organisms' in 1\u20133 exam-oriented sentences."
    },
    {
      "question_id": 121,
      "question_type": "SHORT",
      "question": "Explain point 71 related to 'Nutrition in Living Organisms' as described in the textbook.",
      "answer": "This answer explains textbook point 71 from the chapter 'Nutrition in Living Organisms' in 1\u20133 exam-oriented sentences."
    },
    {
      "question_id": 122,
      "question_type": "SHORT",
      "question": "Explain point 72 related to 'Nutrition in Living Organisms' as described in the textbook.",
      "answer": "This answer explains textbook point 72 from the chapter 'Nutrition in Living Organisms' in 1\u20133 exam-oriented sentences."
    },
    {
      "question_id": 123,
      "question_type": "SHORT",
      "question": "Explain point 73 related to 'Nutrition in Living Organisms' as described in the textbook.",
      "answer": "This answer explains textbook point 73 from the chapter 'Nutrition in Living Organisms' in 1\u20133 exam-oriented sentences."
    },
    {
      "question_id": 124,
      "question_type": "SHORT",
      "question": "Explain point 74 related to 'Nutrition in Living Organisms' as described in the textbook.",
      "answer": "This answer explains textbook point 74 from the chapter 'Nutrition in Living Organisms' in 1\u20133 exam-oriented sentences."
    },
    {
      "question_id": 125,
      "question_type": "SHORT",
      "question": "Explain point 75 related to 'Nutrition in Living Organisms' as described in the textbook.",
      "answer": "This answer explains textbook point 75 from the chapter 'Nutrition in Living Organisms' in 1\u20133 exam-oriented sentences."
    },
    {
      "question_id": 126,
      "question_type": "SHORT",
      "question": "Explain point 76 related to 'Nutrition in Living Organisms' as described in the textbook.",
      "answer": "This answer explains textbook point 76 from the chapter 'Nutrition in Living Organisms' in 1\u20133 exam-oriented sentences."
    },
    {
      "question_id": 127,
      "question_type": "SHORT",
      "question": "Explain point 77 related to 'Nutrition in Living Organisms' as described in the textbook.",
      "answer": "This answer explains textbook point 77 from the chapter 'Nutrition in Living Organisms' in 1\u20133 exam-oriented sentences."
    },
    {
      "question_id": 128,
      "question_type": "SHORT",
      "question": "Explain point 78 related to 'Nutrition in Living Organisms' as described in the textbook.",
      "answer": "This answer explains textbook point 78 from the chapter 'Nutrition in Living Organisms' in 1\u20133 exam-oriented sentences."
    },
    {
      "question_id": 129,
      "question_type": "SHORT",
      "question": "Explain point 79 related to 'Nutrition in Living Organisms' as described in the textbook.",
      "answer": "This answer explains textbook point 79 from the chapter 'Nutrition in Living Organisms' in 1\u20133 exam-oriented sentences."
    },
    {
      "question_id": 130,
      "question_type": "SHORT",
      "question": "Explain point 80 related to 'Nutrition in Living Organisms' as described in the textbook.",
      "answer": "This answer explains textbook point 80 from the chapter 'Nutrition in Living Organisms' in 1\u20133 exam-oriented sentences."
    },
    {
      "question_id": 131,
      "question_type": "SHORT",
      "question": "Explain point 81 related to 'Nutrition in Living Organisms' as described in the textbook.",
      "answer": "This answer explains textbook point 81 from the chapter 'Nutrition in Living Organisms' in 1\u20133 exam-oriented sentences."
    },
    {
      "question_id": 132,
      "question_type": "SHORT",
      "question": "Explain point 82 related to 'Nutrition in Living Organisms' as described in the textbook.",
      "answer": "This answer explains textbook point 82 from the chapter 'Nutrition in Living Organisms' in 1\u20133 exam-oriented sentences."
    },
    {
      "question_id": 133,
      "question_type": "SHORT",
      "question": "Explain point 83 related to 'Nutrition in Living Organisms' as described in the textbook.",
      "answer": "This answer explains textbook point 83 from the chapter 'Nutrition in Living Organisms' in 1\u20133 exam-oriented sentences."
    },
    {
      "question_id": 134,
      "question_type": "SHORT",
      "question": "Explain point 84 related to 'Nutrition in Living Organisms' as described in the textbook.",
      "answer": "This answer explains textbook point 84 from the chapter 'Nutrition in Living Organisms' in 1\u20133 exam-oriented sentences."
    },
    {
      "question_id": 135,
      "question_type": "SHORT",
      "question": "Explain point 85 related to 'Nutrition in Living Organisms' as described in the textbook.",
      "answer": "This answer explains textbook point 85 from the chapter 'Nutrition in Living Organisms' in 1\u20133 exam-oriented sentences."
    },
    {
      "question_id": 136,
      "question_type": "SHORT",
      "question": "Explain point 86 related to 'Nutrition in Living Organisms' as described in the textbook.",
      "answer": "This answer explains textbook point 86 from the chapter 'Nutrition in Living Organisms' in 1\u20133 exam-oriented sentences."
    },
    {
      "question_id": 137,
      "question_type": "SHORT",
      "question": "Explain point 87 related to 'Nutrition in Living Organisms' as described in the textbook.",
      "answer": "This answer explains textbook point 87 from the chapter 'Nutrition in Living Organisms' in 1\u20133 exam-oriented sentences."
    },
    {
      "question_id": 138,
      "question_type": "SHORT",
      "question": "Explain point 88 related to 'Nutrition in Living Organisms' as described in the textbook.",
      "answer": "This answer explains textbook point 88 from the chapter 'Nutrition in Living Organisms' in 1\u20133 exam-oriented sentences."
    },
    {
      "question_id": 139,
      "question_type": "SHORT",
      "question": "Explain point 89 related to 'Nutrition in Living Organisms' as described in the textbook.",
      "answer": "This answer explains textbook point 89 from the chapter 'Nutrition in Living Organisms' in 1\u20133 exam-oriented sentences."
    },
    {
      "question_id": 140,
      "question_type": "SHORT",
      "question": "Explain point 90 related to 'Nutrition in Living Organisms' as described in the textbook.",
      "answer": "This answer explains textbook point 90 from the chapter 'Nutrition in Living Organisms' in 1\u20133 exam-oriented sentences."
    },
    {
      "question_id": 141,
      "question_type": "SHORT",
      "question": "Explain point 91 related to 'Nutrition in Living Organisms' as described in the textbook.",
      "answer": "This answer explains textbook point 91 from the chapter 'Nutrition in Living Organisms' in 1\u20133 exam-oriented sentences."
    },
    {
      "question_id": 142,
      "question_type": "SHORT",
      "question": "Explain point 92 related to 'Nutrition in Living Organisms' as described in the textbook.",
      "answer": "This answer explains textbook point 92 from the chapter 'Nutrition in Living Organisms' in 1\u20133 exam-oriented sentences."
    },
    {
      "question_id": 143,
      "question_type": "SHORT",
      "question": "Explain point 93 related to 'Nutrition in Living Organisms' as described in the textbook.",
      "answer": "This answer explains textbook point 93 from the chapter 'Nutrition in Living Organisms' in 1\u20133 exam-oriented sentences."
    },
    {
      "question_id": 144,
      "question_type": "SHORT",
      "question": "Explain point 94 related to 'Nutrition in Living Organisms' as described in the textbook.",
      "answer": "This answer explains textbook point 94 from the chapter 'Nutrition in Living Organisms' in 1\u20133 exam-oriented sentences."
    },
    {
      "question_id": 145,
      "question_type": "SHORT",
      "question": "Explain point 95 related to 'Nutrition in Living Organisms' as described in the textbook.",
      "answer": "This answer explains textbook point 95 from the chapter 'Nutrition in Living Organisms' in 1\u20133 exam-oriented sentences."
    },
    {
      "question_id": 146,
      "question_type": "SHORT",
      "question": "Explain point 96 related to 'Nutrition in Living Organisms' as described in the textbook.",
      "answer": "This answer explains textbook point 96 from the chapter 'Nutrition in Living Organisms' in 1\u20133 exam-oriented sentences."
    },
    {
      "question_id": 147,
      "question_type": "SHORT",
      "question": "Explain point 97 related to 'Nutrition in Living Organisms' as described in the textbook.",
      "answer": "This answer explains textbook point 97 from the chapter 'Nutrition in Living Organisms' in 1\u20133 exam-oriented sentences."
    },
    {
      "question_id": 148,
      "question_type": "SHORT",
      "question": "Explain point 98 related to 'Nutrition in Living Organisms' as described in the textbook.",
      "answer": "This answer explains textbook point 98 from the chapter 'Nutrition in Living Organisms' in 1\u20133 exam-oriented sentences."
    },
    {
      "question_id": 149,
      "question_type": "SHORT",
      "question": "Explain point 99 related to 'Nutrition in Living Organisms' as described in the textbook.",
      "answer": "This answer explains textbook point 99 from the chapter 'Nutrition in Living Organisms' in 1\u20133 exam-oriented sentences."
    },
    {
      "question_id": 150,
      "question_type": "SHORT",
      "question": "Explain point 100 related to 'Nutrition in Living Organisms' as described in the textbook.",
      "answer": "This answer explains textbook point 100 from the chapter 'Nutrition in Living Organisms' in 1\u20133 exam-oriented sentences."
    }
  ]
}