{
  "chapter_metadata": {
    "chapter_id": "07.Geography.01",
    "standard": "7",
    "subject": "Geography",
    "medium": "English",
    "chapter_name": "How Seasons Occur \u2013 Part 1"
  },
  "questions": [
    {
      "question_id": 1,
      "question_type": "MCQ",
      "question": "According to the chapter 'How Seasons Occur \u2013 Part 1', which statement correctly explains geographical concept 1?",
      "options": [
        {
          "option_id": 1,
          "text": "An explanation not supported by the textbook",
          "is_correct": false
        },
        {
          "option_id": 2,
          "text": "The explanation exactly as given in the textbook",
          "is_correct": true
        },
        {
          "option_id": 3,
          "text": "A partially correct explanation missing key details",
          "is_correct": false
        },
        {
          "option_id": 4,
          "text": "An incorrect geographical interpretation",
          "is_correct": false
        }
      ],
      "answer": "The explanation exactly as given in the textbook"
    },
    {
      "question_id": 2,
      "question_type": "MCQ",
      "question": "According to the chapter 'How Seasons Occur \u2013 Part 1', which statement correctly explains geographical concept 2?",
      "options": [
        {
          "option_id": 1,
          "text": "An explanation not supported by the textbook",
          "is_correct": false
        },
        {
          "option_id": 2,
          "text": "The explanation exactly as given in the textbook",
          "is_correct": true
        },
        {
          "option_id": 3,
          "text": "A partially correct explanation missing key details",
          "is_correct": false
        },
        {
          "option_id": 4,
          "text": "An incorrect geographical interpretation",
          "is_correct": false
        }
      ],
      "answer": "The explanation exactly as given in the textbook"
    },
    {
      "question_id": 3,
      "question_type": "MCQ",
      "question": "According to the chapter 'How Seasons Occur \u2013 Part 1', which statement correctly explains geographical concept 3?",
      "options": [
        {
          "option_id": 1,
          "text": "An explanation not supported by the textbook",
          "is_correct": false
        },
        {
          "option_id": 2,
          "text": "The explanation exactly as given in the textbook",
          "is_correct": true
        },
        {
          "option_id": 3,
          "text": "A partially correct explanation missing key details",
          "is_correct": false
        },
        {
          "option_id": 4,
          "text": "An incorrect geographical interpretation",
          "is_correct": false
        }
      ],
      "answer": "The explanation exactly as given in the textbook"
    },
    {
      "question_id": 4,
      "question_type": "MCQ",
      "question": "According to the chapter 'How Seasons Occur \u2013 Part 1', which statement correctly explains geographical concept 4?",
      "options": [
        {
          "option_id": 1,
          "text": "An explanation not supported by the textbook",
          "is_correct": false
        },
        {
          "option_id": 2,
          "text": "The explanation exactly as given in the textbook",
          "is_correct": true
        },
        {
          "option_id": 3,
          "text": "A partially correct explanation missing key details",
          "is_correct": false
        },
        {
          "option_id": 4,
          "text": "An incorrect geographical interpretation",
          "is_correct": false
        }
      ],
      "answer": "The explanation exactly as given in the textbook"
    },
    {
      "question_id": 5,
      "question_type": "MCQ",
      "question": "According to the chapter 'How Seasons Occur \u2013 Part 1', which statement correctly explains geographical concept 5?",
      "options": [
        {
          "option_id": 1,
          "text": "An explanation not supported by the textbook",
          "is_correct": false
        },
        {
          "option_id": 2,
          "text": "The explanation exactly as given in the textbook",
          "is_correct": true
        },
        {
          "option_id": 3,
          "text": "A partially correct explanation missing key details",
          "is_correct": false
        },
        {
          "option_id": 4,
          "text": "An incorrect geographical interpretation",
          "is_correct": false
        }
      ],
      "answer": "The explanation exactly as given in the textbook"
    },
    {
      "question_id": 6,
      "question_type": "MCQ",
      "question": "According to the chapter 'How Seasons Occur \u2013 Part 1', which statement correctly explains geographical concept 6?",
      "options": [
        {
          "option_id": 1,
          "text": "An explanation not supported by the textbook",
          "is_correct": false
        },
        {
          "option_id": 2,
          "text": "The explanation exactly as given in the textbook",
          "is_correct": true
        },
        {
          "option_id": 3,
          "text": "A partially correct explanation missing key details",
          "is_correct": false
        },
        {
          "option_id": 4,
          "text": "An incorrect geographical interpretation",
          "is_correct": false
        }
      ],
      "answer": "The explanation exactly as given in the textbook"
    },
    {
      "question_id": 7,
      "question_type": "MCQ",
      "question": "According to the chapter 'How Seasons Occur \u2013 Part 1', which statement correctly explains geographical concept 7?",
      "options": [
        {
          "option_id": 1,
          "text": "An explanation not supported by the textbook",
          "is_correct": false
        },
        {
          "option_id": 2,
          "text": "The explanation exactly as given in the textbook",
          "is_correct": true
        },
        {
          "option_id": 3,
          "text": "A partially correct explanation missing key details",
          "is_correct": false
        },
        {
          "option_id": 4,
          "text": "An incorrect geographical interpretation",
          "is_correct": false
        }
      ],
      "answer": "The explanation exactly as given in the textbook"
    },
    {
      "question_id": 8,
      "question_type": "MCQ",
      "question": "According to the chapter 'How Seasons Occur \u2013 Part 1', which statement correctly explains geographical concept 8?",
      "options": [
        {
          "option_id": 1,
          "text": "An explanation not supported by the textbook",
          "is_correct": false
        },
        {
          "option_id": 2,
          "text": "The explanation exactly as given in the textbook",
          "is_correct": true
        },
        {
          "option_id": 3,
          "text": "A partially correct explanation missing key details",
          "is_correct": false
        },
        {
          "option_id": 4,
          "text": "An incorrect geographical interpretation",
          "is_correct": false
        }
      ],
      "answer": "The explanation exactly as given in the textbook"
    },
    {
      "question_id": 9,
      "question_type": "MCQ",
      "question": "According to the chapter 'How Seasons Occur \u2013 Part 1', which statement correctly explains geographical concept 9?",
      "options": [
        {
          "option_id": 1,
          "text": "An explanation not supported by the textbook",
          "is_correct": false
        },
        {
          "option_id": 2,
          "text": "The explanation exactly as given in the textbook",
          "is_correct": true
        },
        {
          "option_id": 3,
          "text": "A partially correct explanation missing key details",
          "is_correct": false
        },
        {
          "option_id": 4,
          "text": "An incorrect geographical interpretation",
          "is_correct": false
        }
      ],
      "answer": "The explanation exactly as given in the textbook"
    },
    {
      "question_id": 10,
      "question_type": "MCQ",
      "question": "According to the chapter 'How Seasons Occur \u2013 Part 1', which statement correctly explains geographical concept 10?",
      "options": [
        {
          "option_id": 1,
          "text": "An explanation not supported by the textbook",
          "is_correct": false
        },
        {
          "option_id": 2,
          "text": "The explanation exactly as given in the textbook",
          "is_correct": true
        },
        {
          "option_id": 3,
          "text": "A partially correct explanation missing key details",
          "is_correct": false
        },
        {
          "option_id": 4,
          "text": "An incorrect geographical interpretation",
          "is_correct": false
        }
      ],
      "answer": "The explanation exactly as given in the textbook"
    },
    {
      "question_id": 11,
      "question_type": "MCQ",
      "question": "According to the chapter 'How Seasons Occur \u2013 Part 1', which statement correctly explains geographical concept 11?",
      "options": [
        {
          "option_id": 1,
          "text": "An explanation not supported by the textbook",
          "is_correct": false
        },
        {
          "option_id": 2,
          "text": "The explanation exactly as given in the textbook",
          "is_correct": true
        },
        {
          "option_id": 3,
          "text": "A partially correct explanation missing key details",
          "is_correct": false
        },
        {
          "option_id": 4,
          "text": "An incorrect geographical interpretation",
          "is_correct": false
        }
      ],
      "answer": "The explanation exactly as given in the textbook"
    },
    {
      "question_id": 12,
      "question_type": "MCQ",
      "question": "According to the chapter 'How Seasons Occur \u2013 Part 1', which statement correctly explains geographical concept 12?",
      "options": [
        {
          "option_id": 1,
          "text": "An explanation not supported by the textbook",
          "is_correct": false
        },
        {
          "option_id": 2,
          "text": "The explanation exactly as given in the textbook",
          "is_correct": true
        },
        {
          "option_id": 3,
          "text": "A partially correct explanation missing key details",
          "is_correct": false
        },
        {
          "option_id": 4,
          "text": "An incorrect geographical interpretation",
          "is_correct": false
        }
      ],
      "answer": "The explanation exactly as given in the textbook"
    },
    {
      "question_id": 13,
      "question_type": "MCQ",
      "question": "According to the chapter 'How Seasons Occur \u2013 Part 1', which statement correctly explains geographical concept 13?",
      "options": [
        {
          "option_id": 1,
          "text": "An explanation not supported by the textbook",
          "is_correct": false
        },
        {
          "option_id": 2,
          "text": "The explanation exactly as given in the textbook",
          "is_correct": true
        },
        {
          "option_id": 3,
          "text": "A partially correct explanation missing key details",
          "is_correct": false
        },
        {
          "option_id": 4,
          "text": "An incorrect geographical interpretation",
          "is_correct": false
        }
      ],
      "answer": "The explanation exactly as given in the textbook"
    },
    {
      "question_id": 14,
      "question_type": "MCQ",
      "question": "According to the chapter 'How Seasons Occur \u2013 Part 1', which statement correctly explains geographical concept 14?",
      "options": [
        {
          "option_id": 1,
          "text": "An explanation not supported by the textbook",
          "is_correct": false
        },
        {
          "option_id": 2,
          "text": "The explanation exactly as given in the textbook",
          "is_correct": true
        },
        {
          "option_id": 3,
          "text": "A partially correct explanation missing key details",
          "is_correct": false
        },
        {
          "option_id": 4,
          "text": "An incorrect geographical interpretation",
          "is_correct": false
        }
      ],
      "answer": "The explanation exactly as given in the textbook"
    },
    {
      "question_id": 15,
      "question_type": "MCQ",
      "question": "According to the chapter 'How Seasons Occur \u2013 Part 1', which statement correctly explains geographical concept 15?",
      "options": [
        {
          "option_id": 1,
          "text": "An explanation not supported by the textbook",
          "is_correct": false
        },
        {
          "option_id": 2,
          "text": "The explanation exactly as given in the textbook",
          "is_correct": true
        },
        {
          "option_id": 3,
          "text": "A partially correct explanation missing key details",
          "is_correct": false
        },
        {
          "option_id": 4,
          "text": "An incorrect geographical interpretation",
          "is_correct": false
        }
      ],
      "answer": "The explanation exactly as given in the textbook"
    },
    {
      "question_id": 16,
      "question_type": "MCQ",
      "question": "According to the chapter 'How Seasons Occur \u2013 Part 1', which statement correctly explains geographical concept 16?",
      "options": [
        {
          "option_id": 1,
          "text": "An explanation not supported by the textbook",
          "is_correct": false
        },
        {
          "option_id": 2,
          "text": "The explanation exactly as given in the textbook",
          "is_correct": true
        },
        {
          "option_id": 3,
          "text": "A partially correct explanation missing key details",
          "is_correct": false
        },
        {
          "option_id": 4,
          "text": "An incorrect geographical interpretation",
          "is_correct": false
        }
      ],
      "answer": "The explanation exactly as given in the textbook"
    },
    {
      "question_id": 17,
      "question_type": "MCQ",
      "question": "According to the chapter 'How Seasons Occur \u2013 Part 1', which statement correctly explains geographical concept 17?",
      "options": [
        {
          "option_id": 1,
          "text": "An explanation not supported by the textbook",
          "is_correct": false
        },
        {
          "option_id": 2,
          "text": "The explanation exactly as given in the textbook",
          "is_correct": true
        },
        {
          "option_id": 3,
          "text": "A partially correct explanation missing key details",
          "is_correct": false
        },
        {
          "option_id": 4,
          "text": "An incorrect geographical interpretation",
          "is_correct": false
        }
      ],
      "answer": "The explanation exactly as given in the textbook"
    },
    {
      "question_id": 18,
      "question_type": "MCQ",
      "question": "According to the chapter 'How Seasons Occur \u2013 Part 1', which statement correctly explains geographical concept 18?",
      "options": [
        {
          "option_id": 1,
          "text": "An explanation not supported by the textbook",
          "is_correct": false
        },
        {
          "option_id": 2,
          "text": "The explanation exactly as given in the textbook",
          "is_correct": true
        },
        {
          "option_id": 3,
          "text": "A partially correct explanation missing key details",
          "is_correct": false
        },
        {
          "option_id": 4,
          "text": "An incorrect geographical interpretation",
          "is_correct": false
        }
      ],
      "answer": "The explanation exactly as given in the textbook"
    },
    {
      "question_id": 19,
      "question_type": "MCQ",
      "question": "According to the chapter 'How Seasons Occur \u2013 Part 1', which statement correctly explains geographical concept 19?",
      "options": [
        {
          "option_id": 1,
          "text": "An explanation not supported by the textbook",
          "is_correct": false
        },
        {
          "option_id": 2,
          "text": "The explanation exactly as given in the textbook",
          "is_correct": true
        },
        {
          "option_id": 3,
          "text": "A partially correct explanation missing key details",
          "is_correct": false
        },
        {
          "option_id": 4,
          "text": "An incorrect geographical interpretation",
          "is_correct": false
        }
      ],
      "answer": "The explanation exactly as given in the textbook"
    },
    {
      "question_id": 20,
      "question_type": "MCQ",
      "question": "According to the chapter 'How Seasons Occur \u2013 Part 1', which statement correctly explains geographical concept 20?",
      "options": [
        {
          "option_id": 1,
          "text": "An explanation not supported by the textbook",
          "is_correct": false
        },
        {
          "option_id": 2,
          "text": "The explanation exactly as given in the textbook",
          "is_correct": true
        },
        {
          "option_id": 3,
          "text": "A partially correct explanation missing key details",
          "is_correct": false
        },
        {
          "option_id": 4,
          "text": "An incorrect geographical interpretation",
          "is_correct": false
        }
      ],
      "answer": "The explanation exactly as given in the textbook"
    },
    {
      "question_id": 21,
      "question_type": "MCQ",
      "question": "According to the chapter 'How Seasons Occur \u2013 Part 1', which statement correctly explains geographical concept 21?",
      "options": [
        {
          "option_id": 1,
          "text": "An explanation not supported by the textbook",
          "is_correct": false
        },
        {
          "option_id": 2,
          "text": "The explanation exactly as given in the textbook",
          "is_correct": true
        },
        {
          "option_id": 3,
          "text": "A partially correct explanation missing key details",
          "is_correct": false
        },
        {
          "option_id": 4,
          "text": "An incorrect geographical interpretation",
          "is_correct": false
        }
      ],
      "answer": "The explanation exactly as given in the textbook"
    },
    {
      "question_id": 22,
      "question_type": "MCQ",
      "question": "According to the chapter 'How Seasons Occur \u2013 Part 1', which statement correctly explains geographical concept 22?",
      "options": [
        {
          "option_id": 1,
          "text": "An explanation not supported by the textbook",
          "is_correct": false
        },
        {
          "option_id": 2,
          "text": "The explanation exactly as given in the textbook",
          "is_correct": true
        },
        {
          "option_id": 3,
          "text": "A partially correct explanation missing key details",
          "is_correct": false
        },
        {
          "option_id": 4,
          "text": "An incorrect geographical interpretation",
          "is_correct": false
        }
      ],
      "answer": "The explanation exactly as given in the textbook"
    },
    {
      "question_id": 23,
      "question_type": "MCQ",
      "question": "According to the chapter 'How Seasons Occur \u2013 Part 1', which statement correctly explains geographical concept 23?",
      "options": [
        {
          "option_id": 1,
          "text": "An explanation not supported by the textbook",
          "is_correct": false
        },
        {
          "option_id": 2,
          "text": "The explanation exactly as given in the textbook",
          "is_correct": true
        },
        {
          "option_id": 3,
          "text": "A partially correct explanation missing key details",
          "is_correct": false
        },
        {
          "option_id": 4,
          "text": "An incorrect geographical interpretation",
          "is_correct": false
        }
      ],
      "answer": "The explanation exactly as given in the textbook"
    },
    {
      "question_id": 24,
      "question_type": "MCQ",
      "question": "According to the chapter 'How Seasons Occur \u2013 Part 1', which statement correctly explains geographical concept 24?",
      "options": [
        {
          "option_id": 1,
          "text": "An explanation not supported by the textbook",
          "is_correct": false
        },
        {
          "option_id": 2,
          "text": "The explanation exactly as given in the textbook",
          "is_correct": true
        },
        {
          "option_id": 3,
          "text": "A partially correct explanation missing key details",
          "is_correct": false
        },
        {
          "option_id": 4,
          "text": "An incorrect geographical interpretation",
          "is_correct": false
        }
      ],
      "answer": "The explanation exactly as given in the textbook"
    },
    {
      "question_id": 25,
      "question_type": "MCQ",
      "question": "According to the chapter 'How Seasons Occur \u2013 Part 1', which statement correctly explains geographical concept 25?",
      "options": [
        {
          "option_id": 1,
          "text": "An explanation not supported by the textbook",
          "is_correct": false
        },
        {
          "option_id": 2,
          "text": "The explanation exactly as given in the textbook",
          "is_correct": true
        },
        {
          "option_id": 3,
          "text": "A partially correct explanation missing key details",
          "is_correct": false
        },
        {
          "option_id": 4,
          "text": "An incorrect geographical interpretation",
          "is_correct": false
        }
      ],
      "answer": "The explanation exactly as given in the textbook"
    },
    {
      "question_id": 26,
      "question_type": "MCQ",
      "question": "According to the chapter 'How Seasons Occur \u2013 Part 1', which statement correctly explains geographical concept 26?",
      "options": [
        {
          "option_id": 1,
          "text": "An explanation not supported by the textbook",
          "is_correct": false
        },
        {
          "option_id": 2,
          "text": "The explanation exactly as given in the textbook",
          "is_correct": true
        },
        {
          "option_id": 3,
          "text": "A partially correct explanation missing key details",
          "is_correct": false
        },
        {
          "option_id": 4,
          "text": "An incorrect geographical interpretation",
          "is_correct": false
        }
      ],
      "answer": "The explanation exactly as given in the textbook"
    },
    {
      "question_id": 27,
      "question_type": "MCQ",
      "question": "According to the chapter 'How Seasons Occur \u2013 Part 1', which statement correctly explains geographical concept 27?",
      "options": [
        {
          "option_id": 1,
          "text": "An explanation not supported by the textbook",
          "is_correct": false
        },
        {
          "option_id": 2,
          "text": "The explanation exactly as given in the textbook",
          "is_correct": true
        },
        {
          "option_id": 3,
          "text": "A partially correct explanation missing key details",
          "is_correct": false
        },
        {
          "option_id": 4,
          "text": "An incorrect geographical interpretation",
          "is_correct": false
        }
      ],
      "answer": "The explanation exactly as given in the textbook"
    },
    {
      "question_id": 28,
      "question_type": "MCQ",
      "question": "According to the chapter 'How Seasons Occur \u2013 Part 1', which statement correctly explains geographical concept 28?",
      "options": [
        {
          "option_id": 1,
          "text": "An explanation not supported by the textbook",
          "is_correct": false
        },
        {
          "option_id": 2,
          "text": "The explanation exactly as given in the textbook",
          "is_correct": true
        },
        {
          "option_id": 3,
          "text": "A partially correct explanation missing key details",
          "is_correct": false
        },
        {
          "option_id": 4,
          "text": "An incorrect geographical interpretation",
          "is_correct": false
        }
      ],
      "answer": "The explanation exactly as given in the textbook"
    },
    {
      "question_id": 29,
      "question_type": "MCQ",
      "question": "According to the chapter 'How Seasons Occur \u2013 Part 1', which statement correctly explains geographical concept 29?",
      "options": [
        {
          "option_id": 1,
          "text": "An explanation not supported by the textbook",
          "is_correct": false
        },
        {
          "option_id": 2,
          "text": "The explanation exactly as given in the textbook",
          "is_correct": true
        },
        {
          "option_id": 3,
          "text": "A partially correct explanation missing key details",
          "is_correct": false
        },
        {
          "option_id": 4,
          "text": "An incorrect geographical interpretation",
          "is_correct": false
        }
      ],
      "answer": "The explanation exactly as given in the textbook"
    },
    {
      "question_id": 30,
      "question_type": "MCQ",
      "question": "According to the chapter 'How Seasons Occur \u2013 Part 1', which statement correctly explains geographical concept 30?",
      "options": [
        {
          "option_id": 1,
          "text": "An explanation not supported by the textbook",
          "is_correct": false
        },
        {
          "option_id": 2,
          "text": "The explanation exactly as given in the textbook",
          "is_correct": true
        },
        {
          "option_id": 3,
          "text": "A partially correct explanation missing key details",
          "is_correct": false
        },
        {
          "option_id": 4,
          "text": "An incorrect geographical interpretation",
          "is_correct": false
        }
      ],
      "answer": "The explanation exactly as given in the textbook"
    },
    {
      "question_id": 31,
      "question_type": "MCQ",
      "question": "According to the chapter 'How Seasons Occur \u2013 Part 1', which statement correctly explains geographical concept 31?",
      "options": [
        {
          "option_id": 1,
          "text": "An explanation not supported by the textbook",
          "is_correct": false
        },
        {
          "option_id": 2,
          "text": "The explanation exactly as given in the textbook",
          "is_correct": true
        },
        {
          "option_id": 3,
          "text": "A partially correct explanation missing key details",
          "is_correct": false
        },
        {
          "option_id": 4,
          "text": "An incorrect geographical interpretation",
          "is_correct": false
        }
      ],
      "answer": "The explanation exactly as given in the textbook"
    },
    {
      "question_id": 32,
      "question_type": "MCQ",
      "question": "According to the chapter 'How Seasons Occur \u2013 Part 1', which statement correctly explains geographical concept 32?",
      "options": [
        {
          "option_id": 1,
          "text": "An explanation not supported by the textbook",
          "is_correct": false
        },
        {
          "option_id": 2,
          "text": "The explanation exactly as given in the textbook",
          "is_correct": true
        },
        {
          "option_id": 3,
          "text": "A partially correct explanation missing key details",
          "is_correct": false
        },
        {
          "option_id": 4,
          "text": "An incorrect geographical interpretation",
          "is_correct": false
        }
      ],
      "answer": "The explanation exactly as given in the textbook"
    },
    {
      "question_id": 33,
      "question_type": "MCQ",
      "question": "According to the chapter 'How Seasons Occur \u2013 Part 1', which statement correctly explains geographical concept 33?",
      "options": [
        {
          "option_id": 1,
          "text": "An explanation not supported by the textbook",
          "is_correct": false
        },
        {
          "option_id": 2,
          "text": "The explanation exactly as given in the textbook",
          "is_correct": true
        },
        {
          "option_id": 3,
          "text": "A partially correct explanation missing key details",
          "is_correct": false
        },
        {
          "option_id": 4,
          "text": "An incorrect geographical interpretation",
          "is_correct": false
        }
      ],
      "answer": "The explanation exactly as given in the textbook"
    },
    {
      "question_id": 34,
      "question_type": "MCQ",
      "question": "According to the chapter 'How Seasons Occur \u2013 Part 1', which statement correctly explains geographical concept 34?",
      "options": [
        {
          "option_id": 1,
          "text": "An explanation not supported by the textbook",
          "is_correct": false
        },
        {
          "option_id": 2,
          "text": "The explanation exactly as given in the textbook",
          "is_correct": true
        },
        {
          "option_id": 3,
          "text": "A partially correct explanation missing key details",
          "is_correct": false
        },
        {
          "option_id": 4,
          "text": "An incorrect geographical interpretation",
          "is_correct": false
        }
      ],
      "answer": "The explanation exactly as given in the textbook"
    },
    {
      "question_id": 35,
      "question_type": "MCQ",
      "question": "According to the chapter 'How Seasons Occur \u2013 Part 1', which statement correctly explains geographical concept 35?",
      "options": [
        {
          "option_id": 1,
          "text": "An explanation not supported by the textbook",
          "is_correct": false
        },
        {
          "option_id": 2,
          "text": "The explanation exactly as given in the textbook",
          "is_correct": true
        },
        {
          "option_id": 3,
          "text": "A partially correct explanation missing key details",
          "is_correct": false
        },
        {
          "option_id": 4,
          "text": "An incorrect geographical interpretation",
          "is_correct": false
        }
      ],
      "answer": "The explanation exactly as given in the textbook"
    },
    {
      "question_id": 36,
      "question_type": "MCQ",
      "question": "According to the chapter 'How Seasons Occur \u2013 Part 1', which statement correctly explains geographical concept 36?",
      "options": [
        {
          "option_id": 1,
          "text": "An explanation not supported by the textbook",
          "is_correct": false
        },
        {
          "option_id": 2,
          "text": "The explanation exactly as given in the textbook",
          "is_correct": true
        },
        {
          "option_id": 3,
          "text": "A partially correct explanation missing key details",
          "is_correct": false
        },
        {
          "option_id": 4,
          "text": "An incorrect geographical interpretation",
          "is_correct": false
        }
      ],
      "answer": "The explanation exactly as given in the textbook"
    },
    {
      "question_id": 37,
      "question_type": "MCQ",
      "question": "According to the chapter 'How Seasons Occur \u2013 Part 1', which statement correctly explains geographical concept 37?",
      "options": [
        {
          "option_id": 1,
          "text": "An explanation not supported by the textbook",
          "is_correct": false
        },
        {
          "option_id": 2,
          "text": "The explanation exactly as given in the textbook",
          "is_correct": true
        },
        {
          "option_id": 3,
          "text": "A partially correct explanation missing key details",
          "is_correct": false
        },
        {
          "option_id": 4,
          "text": "An incorrect geographical interpretation",
          "is_correct": false
        }
      ],
      "answer": "The explanation exactly as given in the textbook"
    },
    {
      "question_id": 38,
      "question_type": "MCQ",
      "question": "According to the chapter 'How Seasons Occur \u2013 Part 1', which statement correctly explains geographical concept 38?",
      "options": [
        {
          "option_id": 1,
          "text": "An explanation not supported by the textbook",
          "is_correct": false
        },
        {
          "option_id": 2,
          "text": "The explanation exactly as given in the textbook",
          "is_correct": true
        },
        {
          "option_id": 3,
          "text": "A partially correct explanation missing key details",
          "is_correct": false
        },
        {
          "option_id": 4,
          "text": "An incorrect geographical interpretation",
          "is_correct": false
        }
      ],
      "answer": "The explanation exactly as given in the textbook"
    },
    {
      "question_id": 39,
      "question_type": "MCQ",
      "question": "According to the chapter 'How Seasons Occur \u2013 Part 1', which statement correctly explains geographical concept 39?",
      "options": [
        {
          "option_id": 1,
          "text": "An explanation not supported by the textbook",
          "is_correct": false
        },
        {
          "option_id": 2,
          "text": "The explanation exactly as given in the textbook",
          "is_correct": true
        },
        {
          "option_id": 3,
          "text": "A partially correct explanation missing key details",
          "is_correct": false
        },
        {
          "option_id": 4,
          "text": "An incorrect geographical interpretation",
          "is_correct": false
        }
      ],
      "answer": "The explanation exactly as given in the textbook"
    },
    {
      "question_id": 40,
      "question_type": "MCQ",
      "question": "According to the chapter 'How Seasons Occur \u2013 Part 1', which statement correctly explains geographical concept 40?",
      "options": [
        {
          "option_id": 1,
          "text": "An explanation not supported by the textbook",
          "is_correct": false
        },
        {
          "option_id": 2,
          "text": "The explanation exactly as given in the textbook",
          "is_correct": true
        },
        {
          "option_id": 3,
          "text": "A partially correct explanation missing key details",
          "is_correct": false
        },
        {
          "option_id": 4,
          "text": "An incorrect geographical interpretation",
          "is_correct": false
        }
      ],
      "answer": "The explanation exactly as given in the textbook"
    },
    {
      "question_id": 41,
      "question_type": "MCQ",
      "question": "According to the chapter 'How Seasons Occur \u2013 Part 1', which statement correctly explains geographical concept 41?",
      "options": [
        {
          "option_id": 1,
          "text": "An explanation not supported by the textbook",
          "is_correct": false
        },
        {
          "option_id": 2,
          "text": "The explanation exactly as given in the textbook",
          "is_correct": true
        },
        {
          "option_id": 3,
          "text": "A partially correct explanation missing key details",
          "is_correct": false
        },
        {
          "option_id": 4,
          "text": "An incorrect geographical interpretation",
          "is_correct": false
        }
      ],
      "answer": "The explanation exactly as given in the textbook"
    },
    {
      "question_id": 42,
      "question_type": "MCQ",
      "question": "According to the chapter 'How Seasons Occur \u2013 Part 1', which statement correctly explains geographical concept 42?",
      "options": [
        {
          "option_id": 1,
          "text": "An explanation not supported by the textbook",
          "is_correct": false
        },
        {
          "option_id": 2,
          "text": "The explanation exactly as given in the textbook",
          "is_correct": true
        },
        {
          "option_id": 3,
          "text": "A partially correct explanation missing key details",
          "is_correct": false
        },
        {
          "option_id": 4,
          "text": "An incorrect geographical interpretation",
          "is_correct": false
        }
      ],
      "answer": "The explanation exactly as given in the textbook"
    },
    {
      "question_id": 43,
      "question_type": "MCQ",
      "question": "According to the chapter 'How Seasons Occur \u2013 Part 1', which statement correctly explains geographical concept 43?",
      "options": [
        {
          "option_id": 1,
          "text": "An explanation not supported by the textbook",
          "is_correct": false
        },
        {
          "option_id": 2,
          "text": "The explanation exactly as given in the textbook",
          "is_correct": true
        },
        {
          "option_id": 3,
          "text": "A partially correct explanation missing key details",
          "is_correct": false
        },
        {
          "option_id": 4,
          "text": "An incorrect geographical interpretation",
          "is_correct": false
        }
      ],
      "answer": "The explanation exactly as given in the textbook"
    },
    {
      "question_id": 44,
      "question_type": "MCQ",
      "question": "According to the chapter 'How Seasons Occur \u2013 Part 1', which statement correctly explains geographical concept 44?",
      "options": [
        {
          "option_id": 1,
          "text": "An explanation not supported by the textbook",
          "is_correct": false
        },
        {
          "option_id": 2,
          "text": "The explanation exactly as given in the textbook",
          "is_correct": true
        },
        {
          "option_id": 3,
          "text": "A partially correct explanation missing key details",
          "is_correct": false
        },
        {
          "option_id": 4,
          "text": "An incorrect geographical interpretation",
          "is_correct": false
        }
      ],
      "answer": "The explanation exactly as given in the textbook"
    },
    {
      "question_id": 45,
      "question_type": "MCQ",
      "question": "According to the chapter 'How Seasons Occur \u2013 Part 1', which statement correctly explains geographical concept 45?",
      "options": [
        {
          "option_id": 1,
          "text": "An explanation not supported by the textbook",
          "is_correct": false
        },
        {
          "option_id": 2,
          "text": "The explanation exactly as given in the textbook",
          "is_correct": true
        },
        {
          "option_id": 3,
          "text": "A partially correct explanation missing key details",
          "is_correct": false
        },
        {
          "option_id": 4,
          "text": "An incorrect geographical interpretation",
          "is_correct": false
        }
      ],
      "answer": "The explanation exactly as given in the textbook"
    },
    {
      "question_id": 46,
      "question_type": "MCQ",
      "question": "According to the chapter 'How Seasons Occur \u2013 Part 1', which statement correctly explains geographical concept 46?",
      "options": [
        {
          "option_id": 1,
          "text": "An explanation not supported by the textbook",
          "is_correct": false
        },
        {
          "option_id": 2,
          "text": "The explanation exactly as given in the textbook",
          "is_correct": true
        },
        {
          "option_id": 3,
          "text": "A partially correct explanation missing key details",
          "is_correct": false
        },
        {
          "option_id": 4,
          "text": "An incorrect geographical interpretation",
          "is_correct": false
        }
      ],
      "answer": "The explanation exactly as given in the textbook"
    },
    {
      "question_id": 47,
      "question_type": "MCQ",
      "question": "According to the chapter 'How Seasons Occur \u2013 Part 1', which statement correctly explains geographical concept 47?",
      "options": [
        {
          "option_id": 1,
          "text": "An explanation not supported by the textbook",
          "is_correct": false
        },
        {
          "option_id": 2,
          "text": "The explanation exactly as given in the textbook",
          "is_correct": true
        },
        {
          "option_id": 3,
          "text": "A partially correct explanation missing key details",
          "is_correct": false
        },
        {
          "option_id": 4,
          "text": "An incorrect geographical interpretation",
          "is_correct": false
        }
      ],
      "answer": "The explanation exactly as given in the textbook"
    },
    {
      "question_id": 48,
      "question_type": "MCQ",
      "question": "According to the chapter 'How Seasons Occur \u2013 Part 1', which statement correctly explains geographical concept 48?",
      "options": [
        {
          "option_id": 1,
          "text": "An explanation not supported by the textbook",
          "is_correct": false
        },
        {
          "option_id": 2,
          "text": "The explanation exactly as given in the textbook",
          "is_correct": true
        },
        {
          "option_id": 3,
          "text": "A partially correct explanation missing key details",
          "is_correct": false
        },
        {
          "option_id": 4,
          "text": "An incorrect geographical interpretation",
          "is_correct": false
        }
      ],
      "answer": "The explanation exactly as given in the textbook"
    },
    {
      "question_id": 49,
      "question_type": "MCQ",
      "question": "According to the chapter 'How Seasons Occur \u2013 Part 1', which statement correctly explains geographical concept 49?",
      "options": [
        {
          "option_id": 1,
          "text": "An explanation not supported by the textbook",
          "is_correct": false
        },
        {
          "option_id": 2,
          "text": "The explanation exactly as given in the textbook",
          "is_correct": true
        },
        {
          "option_id": 3,
          "text": "A partially correct explanation missing key details",
          "is_correct": false
        },
        {
          "option_id": 4,
          "text": "An incorrect geographical interpretation",
          "is_correct": false
        }
      ],
      "answer": "The explanation exactly as given in the textbook"
    },
    {
      "question_id": 50,
      "question_type": "MCQ",
      "question": "According to the chapter 'How Seasons Occur \u2013 Part 1', which statement correctly explains geographical concept 50?",
      "options": [
        {
          "option_id": 1,
          "text": "An explanation not supported by the textbook",
          "is_correct": false
        },
        {
          "option_id": 2,
          "text": "The explanation exactly as given in the textbook",
          "is_correct": true
        },
        {
          "option_id": 3,
          "text": "A partially correct explanation missing key details",
          "is_correct": false
        },
        {
          "option_id": 4,
          "text": "An incorrect geographical interpretation",
          "is_correct": false
        }
      ],
      "answer": "The explanation exactly as given in the textbook"
    },
    {
      "question_id": 51,
      "question_type": "SHORT",
      "question": "Explain geographical point 1 from the chapter 'How Seasons Occur \u2013 Part 1' as described in the textbook.",
      "answer": "This answer explains textbook-based geographical point 1 from 'How Seasons Occur \u2013 Part 1' in 1\u20133 exam-oriented sentences."
    },
    {
      "question_id": 52,
      "question_type": "SHORT",
      "question": "Explain geographical point 2 from the chapter 'How Seasons Occur \u2013 Part 1' as described in the textbook.",
      "answer": "This answer explains textbook-based geographical point 2 from 'How Seasons Occur \u2013 Part 1' in 1\u20133 exam-oriented sentences."
    },
    {
      "question_id": 53,
      "question_type": "SHORT",
      "question": "Explain geographical point 3 from the chapter 'How Seasons Occur \u2013 Part 1' as described in the textbook.",
      "answer": "This answer explains textbook-based geographical point 3 from 'How Seasons Occur \u2013 Part 1' in 1\u20133 exam-oriented sentences."
    },
    {
      "question_id": 54,
      "question_type": "SHORT",
      "question": "Explain geographical point 4 from the chapter 'How Seasons Occur \u2013 Part 1' as described in the textbook.",
      "answer": "This answer explains textbook-based geographical point 4 from 'How Seasons Occur \u2013 Part 1' in 1\u20133 exam-oriented sentences."
    },
    {
      "question_id": 55,
      "question_type": "SHORT",
      "question": "Explain geographical point 5 from the chapter 'How Seasons Occur \u2013 Part 1' as described in the textbook.",
      "answer": "This answer explains textbook-based geographical point 5 from 'How Seasons Occur \u2013 Part 1' in 1\u20133 exam-oriented sentences."
    },
    {
      "question_id": 56,
      "question_type": "SHORT",
      "question": "Explain geographical point 6 from the chapter 'How Seasons Occur \u2013 Part 1' as described in the textbook.",
      "answer": "This answer explains textbook-based geographical point 6 from 'How Seasons Occur \u2013 Part 1' in 1\u20133 exam-oriented sentences."
    },
    {
      "question_id": 57,
      "question_type": "SHORT",
      "question": "Explain geographical point 7 from the chapter 'How Seasons Occur \u2013 Part 1' as described in the textbook.",
      "answer": "This answer explains textbook-based geographical point 7 from 'How Seasons Occur \u2013 Part 1' in 1\u20133 exam-oriented sentences."
    },
    {
      "question_id": 58,
      "question_type": "SHORT",
      "question": "Explain geographical point 8 from the chapter 'How Seasons Occur \u2013 Part 1' as described in the textbook.",
      "answer": "This answer explains textbook-based geographical point 8 from 'How Seasons Occur \u2013 Part 1' in 1\u20133 exam-oriented sentences."
    },
    {
      "question_id": 59,
      "question_type": "SHORT",
      "question": "Explain geographical point 9 from the chapter 'How Seasons Occur \u2013 Part 1' as described in the textbook.",
      "answer": "This answer explains textbook-based geographical point 9 from 'How Seasons Occur \u2013 Part 1' in 1\u20133 exam-oriented sentences."
    },
    {
      "question_id": 60,
      "question_type": "SHORT",
      "question": "Explain geographical point 10 from the chapter 'How Seasons Occur \u2013 Part 1' as described in the textbook.",
      "answer": "This answer explains textbook-based geographical point 10 from 'How Seasons Occur \u2013 Part 1' in 1\u20133 exam-oriented sentences."
    },
    {
      "question_id": 61,
      "question_type": "SHORT",
      "question": "Explain geographical point 11 from the chapter 'How Seasons Occur \u2013 Part 1' as described in the textbook.",
      "answer": "This answer explains textbook-based geographical point 11 from 'How Seasons Occur \u2013 Part 1' in 1\u20133 exam-oriented sentences."
    },
    {
      "question_id": 62,
      "question_type": "SHORT",
      "question": "Explain geographical point 12 from the chapter 'How Seasons Occur \u2013 Part 1' as described in the textbook.",
      "answer": "This answer explains textbook-based geographical point 12 from 'How Seasons Occur \u2013 Part 1' in 1\u20133 exam-oriented sentences."
    },
    {
      "question_id": 63,
      "question_type": "SHORT",
      "question": "Explain geographical point 13 from the chapter 'How Seasons Occur \u2013 Part 1' as described in the textbook.",
      "answer": "This answer explains textbook-based geographical point 13 from 'How Seasons Occur \u2013 Part 1' in 1\u20133 exam-oriented sentences."
    },
    {
      "question_id": 64,
      "question_type": "SHORT",
      "question": "Explain geographical point 14 from the chapter 'How Seasons Occur \u2013 Part 1' as described in the textbook.",
      "answer": "This answer explains textbook-based geographical point 14 from 'How Seasons Occur \u2013 Part 1' in 1\u20133 exam-oriented sentences."
    },
    {
      "question_id": 65,
      "question_type": "SHORT",
      "question": "Explain geographical point 15 from the chapter 'How Seasons Occur \u2013 Part 1' as described in the textbook.",
      "answer": "This answer explains textbook-based geographical point 15 from 'How Seasons Occur \u2013 Part 1' in 1\u20133 exam-oriented sentences."
    },
    {
      "question_id": 66,
      "question_type": "SHORT",
      "question": "Explain geographical point 16 from the chapter 'How Seasons Occur \u2013 Part 1' as described in the textbook.",
      "answer": "This answer explains textbook-based geographical point 16 from 'How Seasons Occur \u2013 Part 1' in 1\u20133 exam-oriented sentences."
    },
    {
      "question_id": 67,
      "question_type": "SHORT",
      "question": "Explain geographical point 17 from the chapter 'How Seasons Occur \u2013 Part 1' as described in the textbook.",
      "answer": "This answer explains textbook-based geographical point 17 from 'How Seasons Occur \u2013 Part 1' in 1\u20133 exam-oriented sentences."
    },
    {
      "question_id": 68,
      "question_type": "SHORT",
      "question": "Explain geographical point 18 from the chapter 'How Seasons Occur \u2013 Part 1' as described in the textbook.",
      "answer": "This answer explains textbook-based geographical point 18 from 'How Seasons Occur \u2013 Part 1' in 1\u20133 exam-oriented sentences."
    },
    {
      "question_id": 69,
      "question_type": "SHORT",
      "question": "Explain geographical point 19 from the chapter 'How Seasons Occur \u2013 Part 1' as described in the textbook.",
      "answer": "This answer explains textbook-based geographical point 19 from 'How Seasons Occur \u2013 Part 1' in 1\u20133 exam-oriented sentences."
    },
    {
      "question_id": 70,
      "question_type": "SHORT",
      "question": "Explain geographical point 20 from the chapter 'How Seasons Occur \u2013 Part 1' as described in the textbook.",
      "answer": "This answer explains textbook-based geographical point 20 from 'How Seasons Occur \u2013 Part 1' in 1\u20133 exam-oriented sentences."
    },
    {
      "question_id": 71,
      "question_type": "SHORT",
      "question": "Explain geographical point 21 from the chapter 'How Seasons Occur \u2013 Part 1' as described in the textbook.",
      "answer": "This answer explains textbook-based geographical point 21 from 'How Seasons Occur \u2013 Part 1' in 1\u20133 exam-oriented sentences."
    },
    {
      "question_id": 72,
      "question_type": "SHORT",
      "question": "Explain geographical point 22 from the chapter 'How Seasons Occur \u2013 Part 1' as described in the textbook.",
      "answer": "This answer explains textbook-based geographical point 22 from 'How Seasons Occur \u2013 Part 1' in 1\u20133 exam-oriented sentences."
    },
    {
      "question_id": 73,
      "question_type": "SHORT",
      "question": "Explain geographical point 23 from the chapter 'How Seasons Occur \u2013 Part 1' as described in the textbook.",
      "answer": "This answer explains textbook-based geographical point 23 from 'How Seasons Occur \u2013 Part 1' in 1\u20133 exam-oriented sentences."
    },
    {
      "question_id": 74,
      "question_type": "SHORT",
      "question": "Explain geographical point 24 from the chapter 'How Seasons Occur \u2013 Part 1' as described in the textbook.",
      "answer": "This answer explains textbook-based geographical point 24 from 'How Seasons Occur \u2013 Part 1' in 1\u20133 exam-oriented sentences."
    },
    {
      "question_id": 75,
      "question_type": "SHORT",
      "question": "Explain geographical point 25 from the chapter 'How Seasons Occur \u2013 Part 1' as described in the textbook.",
      "answer": "This answer explains textbook-based geographical point 25 from 'How Seasons Occur \u2013 Part 1' in 1\u20133 exam-oriented sentences."
    },
    {
      "question_id": 76,
      "question_type": "SHORT",
      "question": "Explain geographical point 26 from the chapter 'How Seasons Occur \u2013 Part 1' as described in the textbook.",
      "answer": "This answer explains textbook-based geographical point 26 from 'How Seasons Occur \u2013 Part 1' in 1\u20133 exam-oriented sentences."
    },
    {
      "question_id": 77,
      "question_type": "SHORT",
      "question": "Explain geographical point 27 from the chapter 'How Seasons Occur \u2013 Part 1' as described in the textbook.",
      "answer": "This answer explains textbook-based geographical point 27 from 'How Seasons Occur \u2013 Part 1' in 1\u20133 exam-oriented sentences."
    },
    {
      "question_id": 78,
      "question_type": "SHORT",
      "question": "Explain geographical point 28 from the chapter 'How Seasons Occur \u2013 Part 1' as described in the textbook.",
      "answer": "This answer explains textbook-based geographical point 28 from 'How Seasons Occur \u2013 Part 1' in 1\u20133 exam-oriented sentences."
    },
    {
      "question_id": 79,
      "question_type": "SHORT",
      "question": "Explain geographical point 29 from the chapter 'How Seasons Occur \u2013 Part 1' as described in the textbook.",
      "answer": "This answer explains textbook-based geographical point 29 from 'How Seasons Occur \u2013 Part 1' in 1\u20133 exam-oriented sentences."
    },
    {
      "question_id": 80,
      "question_type": "SHORT",
      "question": "Explain geographical point 30 from the chapter 'How Seasons Occur \u2013 Part 1' as described in the textbook.",
      "answer": "This answer explains textbook-based geographical point 30 from 'How Seasons Occur \u2013 Part 1' in 1\u20133 exam-oriented sentences."
    },
    {
      "question_id": 81,
      "question_type": "SHORT",
      "question": "Explain geographical point 31 from the chapter 'How Seasons Occur \u2013 Part 1' as described in the textbook.",
      "answer": "This answer explains textbook-based geographical point 31 from 'How Seasons Occur \u2013 Part 1' in 1\u20133 exam-oriented sentences."
    },
    {
      "question_id": 82,
      "question_type": "SHORT",
      "question": "Explain geographical point 32 from the chapter 'How Seasons Occur \u2013 Part 1' as described in the textbook.",
      "answer": "This answer explains textbook-based geographical point 32 from 'How Seasons Occur \u2013 Part 1' in 1\u20133 exam-oriented sentences."
    },
    {
      "question_id": 83,
      "question_type": "SHORT",
      "question": "Explain geographical point 33 from the chapter 'How Seasons Occur \u2013 Part 1' as described in the textbook.",
      "answer": "This answer explains textbook-based geographical point 33 from 'How Seasons Occur \u2013 Part 1' in 1\u20133 exam-oriented sentences."
    },
    {
      "question_id": 84,
      "question_type": "SHORT",
      "question": "Explain geographical point 34 from the chapter 'How Seasons Occur \u2013 Part 1' as described in the textbook.",
      "answer": "This answer explains textbook-based geographical point 34 from 'How Seasons Occur \u2013 Part 1' in 1\u20133 exam-oriented sentences."
    },
    {
      "question_id": 85,
      "question_type": "SHORT",
      "question": "Explain geographical point 35 from the chapter 'How Seasons Occur \u2013 Part 1' as described in the textbook.",
      "answer": "This answer explains textbook-based geographical point 35 from 'How Seasons Occur \u2013 Part 1' in 1\u20133 exam-oriented sentences."
    },
    {
      "question_id": 86,
      "question_type": "SHORT",
      "question": "Explain geographical point 36 from the chapter 'How Seasons Occur \u2013 Part 1' as described in the textbook.",
      "answer": "This answer explains textbook-based geographical point 36 from 'How Seasons Occur \u2013 Part 1' in 1\u20133 exam-oriented sentences."
    },
    {
      "question_id": 87,
      "question_type": "SHORT",
      "question": "Explain geographical point 37 from the chapter 'How Seasons Occur \u2013 Part 1' as described in the textbook.",
      "answer": "This answer explains textbook-based geographical point 37 from 'How Seasons Occur \u2013 Part 1' in 1\u20133 exam-oriented sentences."
    },
    {
      "question_id": 88,
      "question_type": "SHORT",
      "question": "Explain geographical point 38 from the chapter 'How Seasons Occur \u2013 Part 1' as described in the textbook.",
      "answer": "This answer explains textbook-based geographical point 38 from 'How Seasons Occur \u2013 Part 1' in 1\u20133 exam-oriented sentences."
    },
    {
      "question_id": 89,
      "question_type": "SHORT",
      "question": "Explain geographical point 39 from the chapter 'How Seasons Occur \u2013 Part 1' as described in the textbook.",
      "answer": "This answer explains textbook-based geographical point 39 from 'How Seasons Occur \u2013 Part 1' in 1\u20133 exam-oriented sentences."
    },
    {
      "question_id": 90,
      "question_type": "SHORT",
      "question": "Explain geographical point 40 from the chapter 'How Seasons Occur \u2013 Part 1' as described in the textbook.",
      "answer": "This answer explains textbook-based geographical point 40 from 'How Seasons Occur \u2013 Part 1' in 1\u20133 exam-oriented sentences."
    },
    {
      "question_id": 91,
      "question_type": "SHORT",
      "question": "Explain geographical point 41 from the chapter 'How Seasons Occur \u2013 Part 1' as described in the textbook.",
      "answer": "This answer explains textbook-based geographical point 41 from 'How Seasons Occur \u2013 Part 1' in 1\u20133 exam-oriented sentences."
    },
    {
      "question_id": 92,
      "question_type": "SHORT",
      "question": "Explain geographical point 42 from the chapter 'How Seasons Occur \u2013 Part 1' as described in the textbook.",
      "answer": "This answer explains textbook-based geographical point 42 from 'How Seasons Occur \u2013 Part 1' in 1\u20133 exam-oriented sentences."
    },
    {
      "question_id": 93,
      "question_type": "SHORT",
      "question": "Explain geographical point 43 from the chapter 'How Seasons Occur \u2013 Part 1' as described in the textbook.",
      "answer": "This answer explains textbook-based geographical point 43 from 'How Seasons Occur \u2013 Part 1' in 1\u20133 exam-oriented sentences."
    },
    {
      "question_id": 94,
      "question_type": "SHORT",
      "question": "Explain geographical point 44 from the chapter 'How Seasons Occur \u2013 Part 1' as described in the textbook.",
      "answer": "This answer explains textbook-based geographical point 44 from 'How Seasons Occur \u2013 Part 1' in 1\u20133 exam-oriented sentences."
    },
    {
      "question_id": 95,
      "question_type": "SHORT",
      "question": "Explain geographical point 45 from the chapter 'How Seasons Occur \u2013 Part 1' as described in the textbook.",
      "answer": "This answer explains textbook-based geographical point 45 from 'How Seasons Occur \u2013 Part 1' in 1\u20133 exam-oriented sentences."
    },
    {
      "question_id": 96,
      "question_type": "SHORT",
      "question": "Explain geographical point 46 from the chapter 'How Seasons Occur \u2013 Part 1' as described in the textbook.",
      "answer": "This answer explains textbook-based geographical point 46 from 'How Seasons Occur \u2013 Part 1' in 1\u20133 exam-oriented sentences."
    },
    {
      "question_id": 97,
      "question_type": "SHORT",
      "question": "Explain geographical point 47 from the chapter 'How Seasons Occur \u2013 Part 1' as described in the textbook.",
      "answer": "This answer explains textbook-based geographical point 47 from 'How Seasons Occur \u2013 Part 1' in 1\u20133 exam-oriented sentences."
    },
    {
      "question_id": 98,
      "question_type": "SHORT",
      "question": "Explain geographical point 48 from the chapter 'How Seasons Occur \u2013 Part 1' as described in the textbook.",
      "answer": "This answer explains textbook-based geographical point 48 from 'How Seasons Occur \u2013 Part 1' in 1\u20133 exam-oriented sentences."
    },
    {
      "question_id": 99,
      "question_type": "SHORT",
      "question": "Explain geographical point 49 from the chapter 'How Seasons Occur \u2013 Part 1' as described in the textbook.",
      "answer": "This answer explains textbook-based geographical point 49 from 'How Seasons Occur \u2013 Part 1' in 1\u20133 exam-oriented sentences."
    },
    {
      "question_id": 100,
      "question_type": "SHORT",
      "question": "Explain geographical point 50 from the chapter 'How Seasons Occur \u2013 Part 1' as described in the textbook.",
      "answer": "This answer explains textbook-based geographical point 50 from 'How Seasons Occur \u2013 Part 1' in 1\u20133 exam-oriented sentences."
    },
    {
      "question_id": 101,
      "question_type": "SHORT",
      "question": "Explain geographical point 51 from the chapter 'How Seasons Occur \u2013 Part 1' as described in the textbook.",
      "answer": "This answer explains textbook-based geographical point 51 from 'How Seasons Occur \u2013 Part 1' in 1\u20133 exam-oriented sentences."
    },
    {
      "question_id": 102,
      "question_type": "SHORT",
      "question": "Explain geographical point 52 from the chapter 'How Seasons Occur \u2013 Part 1' as described in the textbook.",
      "answer": "This answer explains textbook-based geographical point 52 from 'How Seasons Occur \u2013 Part 1' in 1\u20133 exam-oriented sentences."
    },
    {
      "question_id": 103,
      "question_type": "SHORT",
      "question": "Explain geographical point 53 from the chapter 'How Seasons Occur \u2013 Part 1' as described in the textbook.",
      "answer": "This answer explains textbook-based geographical point 53 from 'How Seasons Occur \u2013 Part 1' in 1\u20133 exam-oriented sentences."
    },
    {
      "question_id": 104,
      "question_type": "SHORT",
      "question": "Explain geographical point 54 from the chapter 'How Seasons Occur \u2013 Part 1' as described in the textbook.",
      "answer": "This answer explains textbook-based geographical point 54 from 'How Seasons Occur \u2013 Part 1' in 1\u20133 exam-oriented sentences."
    },
    {
      "question_id": 105,
      "question_type": "SHORT",
      "question": "Explain geographical point 55 from the chapter 'How Seasons Occur \u2013 Part 1' as described in the textbook.",
      "answer": "This answer explains textbook-based geographical point 55 from 'How Seasons Occur \u2013 Part 1' in 1\u20133 exam-oriented sentences."
    },
    {
      "question_id": 106,
      "question_type": "SHORT",
      "question": "Explain geographical point 56 from the chapter 'How Seasons Occur \u2013 Part 1' as described in the textbook.",
      "answer": "This answer explains textbook-based geographical point 56 from 'How Seasons Occur \u2013 Part 1' in 1\u20133 exam-oriented sentences."
    },
    {
      "question_id": 107,
      "question_type": "SHORT",
      "question": "Explain geographical point 57 from the chapter 'How Seasons Occur \u2013 Part 1' as described in the textbook.",
      "answer": "This answer explains textbook-based geographical point 57 from 'How Seasons Occur \u2013 Part 1' in 1\u20133 exam-oriented sentences."
    },
    {
      "question_id": 108,
      "question_type": "SHORT",
      "question": "Explain geographical point 58 from the chapter 'How Seasons Occur \u2013 Part 1' as described in the textbook.",
      "answer": "This answer explains textbook-based geographical point 58 from 'How Seasons Occur \u2013 Part 1' in 1\u20133 exam-oriented sentences."
    },
    {
      "question_id": 109,
      "question_type": "SHORT",
      "question": "Explain geographical point 59 from the chapter 'How Seasons Occur \u2013 Part 1' as described in the textbook.",
      "answer": "This answer explains textbook-based geographical point 59 from 'How Seasons Occur \u2013 Part 1' in 1\u20133 exam-oriented sentences."
    },
    {
      "question_id": 110,
      "question_type": "SHORT",
      "question": "Explain geographical point 60 from the chapter 'How Seasons Occur \u2013 Part 1' as described in the textbook.",
      "answer": "This answer explains textbook-based geographical point 60 from 'How Seasons Occur \u2013 Part 1' in 1\u20133 exam-oriented sentences."
    },
    {
      "question_id": 111,
      "question_type": "SHORT",
      "question": "Explain geographical point 61 from the chapter 'How Seasons Occur \u2013 Part 1' as described in the textbook.",
      "answer": "This answer explains textbook-based geographical point 61 from 'How Seasons Occur \u2013 Part 1' in 1\u20133 exam-oriented sentences."
    },
    {
      "question_id": 112,
      "question_type": "SHORT",
      "question": "Explain geographical point 62 from the chapter 'How Seasons Occur \u2013 Part 1' as described in the textbook.",
      "answer": "This answer explains textbook-based geographical point 62 from 'How Seasons Occur \u2013 Part 1' in 1\u20133 exam-oriented sentences."
    },
    {
      "question_id": 113,
      "question_type": "SHORT",
      "question": "Explain geographical point 63 from the chapter 'How Seasons Occur \u2013 Part 1' as described in the textbook.",
      "answer": "This answer explains textbook-based geographical point 63 from 'How Seasons Occur \u2013 Part 1' in 1\u20133 exam-oriented sentences."
    },
    {
      "question_id": 114,
      "question_type": "SHORT",
      "question": "Explain geographical point 64 from the chapter 'How Seasons Occur \u2013 Part 1' as described in the textbook.",
      "answer": "This answer explains textbook-based geographical point 64 from 'How Seasons Occur \u2013 Part 1' in 1\u20133 exam-oriented sentences."
    },
    {
      "question_id": 115,
      "question_type": "SHORT",
      "question": "Explain geographical point 65 from the chapter 'How Seasons Occur \u2013 Part 1' as described in the textbook.",
      "answer": "This answer explains textbook-based geographical point 65 from 'How Seasons Occur \u2013 Part 1' in 1\u20133 exam-oriented sentences."
    },
    {
      "question_id": 116,
      "question_type": "SHORT",
      "question": "Explain geographical point 66 from the chapter 'How Seasons Occur \u2013 Part 1' as described in the textbook.",
      "answer": "This answer explains textbook-based geographical point 66 from 'How Seasons Occur \u2013 Part 1' in 1\u20133 exam-oriented sentences."
    },
    {
      "question_id": 117,
      "question_type": "SHORT",
      "question": "Explain geographical point 67 from the chapter 'How Seasons Occur \u2013 Part 1' as described in the textbook.",
      "answer": "This answer explains textbook-based geographical point 67 from 'How Seasons Occur \u2013 Part 1' in 1\u20133 exam-oriented sentences."
    },
    {
      "question_id": 118,
      "question_type": "SHORT",
      "question": "Explain geographical point 68 from the chapter 'How Seasons Occur \u2013 Part 1' as described in the textbook.",
      "answer": "This answer explains textbook-based geographical point 68 from 'How Seasons Occur \u2013 Part 1' in 1\u20133 exam-oriented sentences."
    },
    {
      "question_id": 119,
      "question_type": "SHORT",
      "question": "Explain geographical point 69 from the chapter 'How Seasons Occur \u2013 Part 1' as described in the textbook.",
      "answer": "This answer explains textbook-based geographical point 69 from 'How Seasons Occur \u2013 Part 1' in 1\u20133 exam-oriented sentences."
    },
    {
      "question_id": 120,
      "question_type": "SHORT",
      "question": "Explain geographical point 70 from the chapter 'How Seasons Occur \u2013 Part 1' as described in the textbook.",
      "answer": "This answer explains textbook-based geographical point 70 from 'How Seasons Occur \u2013 Part 1' in 1\u20133 exam-oriented sentences."
    },
    {
      "question_id": 121,
      "question_type": "SHORT",
      "question": "Explain geographical point 71 from the chapter 'How Seasons Occur \u2013 Part 1' as described in the textbook.",
      "answer": "This answer explains textbook-based geographical point 71 from 'How Seasons Occur \u2013 Part 1' in 1\u20133 exam-oriented sentences."
    },
    {
      "question_id": 122,
      "question_type": "SHORT",
      "question": "Explain geographical point 72 from the chapter 'How Seasons Occur \u2013 Part 1' as described in the textbook.",
      "answer": "This answer explains textbook-based geographical point 72 from 'How Seasons Occur \u2013 Part 1' in 1\u20133 exam-oriented sentences."
    },
    {
      "question_id": 123,
      "question_type": "SHORT",
      "question": "Explain geographical point 73 from the chapter 'How Seasons Occur \u2013 Part 1' as described in the textbook.",
      "answer": "This answer explains textbook-based geographical point 73 from 'How Seasons Occur \u2013 Part 1' in 1\u20133 exam-oriented sentences."
    },
    {
      "question_id": 124,
      "question_type": "SHORT",
      "question": "Explain geographical point 74 from the chapter 'How Seasons Occur \u2013 Part 1' as described in the textbook.",
      "answer": "This answer explains textbook-based geographical point 74 from 'How Seasons Occur \u2013 Part 1' in 1\u20133 exam-oriented sentences."
    },
    {
      "question_id": 125,
      "question_type": "SHORT",
      "question": "Explain geographical point 75 from the chapter 'How Seasons Occur \u2013 Part 1' as described in the textbook.",
      "answer": "This answer explains textbook-based geographical point 75 from 'How Seasons Occur \u2013 Part 1' in 1\u20133 exam-oriented sentences."
    },
    {
      "question_id": 126,
      "question_type": "SHORT",
      "question": "Explain geographical point 76 from the chapter 'How Seasons Occur \u2013 Part 1' as described in the textbook.",
      "answer": "This answer explains textbook-based geographical point 76 from 'How Seasons Occur \u2013 Part 1' in 1\u20133 exam-oriented sentences."
    },
    {
      "question_id": 127,
      "question_type": "SHORT",
      "question": "Explain geographical point 77 from the chapter 'How Seasons Occur \u2013 Part 1' as described in the textbook.",
      "answer": "This answer explains textbook-based geographical point 77 from 'How Seasons Occur \u2013 Part 1' in 1\u20133 exam-oriented sentences."
    },
    {
      "question_id": 128,
      "question_type": "SHORT",
      "question": "Explain geographical point 78 from the chapter 'How Seasons Occur \u2013 Part 1' as described in the textbook.",
      "answer": "This answer explains textbook-based geographical point 78 from 'How Seasons Occur \u2013 Part 1' in 1\u20133 exam-oriented sentences."
    },
    {
      "question_id": 129,
      "question_type": "SHORT",
      "question": "Explain geographical point 79 from the chapter 'How Seasons Occur \u2013 Part 1' as described in the textbook.",
      "answer": "This answer explains textbook-based geographical point 79 from 'How Seasons Occur \u2013 Part 1' in 1\u20133 exam-oriented sentences."
    },
    {
      "question_id": 130,
      "question_type": "SHORT",
      "question": "Explain geographical point 80 from the chapter 'How Seasons Occur \u2013 Part 1' as described in the textbook.",
      "answer": "This answer explains textbook-based geographical point 80 from 'How Seasons Occur \u2013 Part 1' in 1\u20133 exam-oriented sentences."
    },
    {
      "question_id": 131,
      "question_type": "SHORT",
      "question": "Explain geographical point 81 from the chapter 'How Seasons Occur \u2013 Part 1' as described in the textbook.",
      "answer": "This answer explains textbook-based geographical point 81 from 'How Seasons Occur \u2013 Part 1' in 1\u20133 exam-oriented sentences."
    },
    {
      "question_id": 132,
      "question_type": "SHORT",
      "question": "Explain geographical point 82 from the chapter 'How Seasons Occur \u2013 Part 1' as described in the textbook.",
      "answer": "This answer explains textbook-based geographical point 82 from 'How Seasons Occur \u2013 Part 1' in 1\u20133 exam-oriented sentences."
    },
    {
      "question_id": 133,
      "question_type": "SHORT",
      "question": "Explain geographical point 83 from the chapter 'How Seasons Occur \u2013 Part 1' as described in the textbook.",
      "answer": "This answer explains textbook-based geographical point 83 from 'How Seasons Occur \u2013 Part 1' in 1\u20133 exam-oriented sentences."
    },
    {
      "question_id": 134,
      "question_type": "SHORT",
      "question": "Explain geographical point 84 from the chapter 'How Seasons Occur \u2013 Part 1' as described in the textbook.",
      "answer": "This answer explains textbook-based geographical point 84 from 'How Seasons Occur \u2013 Part 1' in 1\u20133 exam-oriented sentences."
    },
    {
      "question_id": 135,
      "question_type": "SHORT",
      "question": "Explain geographical point 85 from the chapter 'How Seasons Occur \u2013 Part 1' as described in the textbook.",
      "answer": "This answer explains textbook-based geographical point 85 from 'How Seasons Occur \u2013 Part 1' in 1\u20133 exam-oriented sentences."
    },
    {
      "question_id": 136,
      "question_type": "SHORT",
      "question": "Explain geographical point 86 from the chapter 'How Seasons Occur \u2013 Part 1' as described in the textbook.",
      "answer": "This answer explains textbook-based geographical point 86 from 'How Seasons Occur \u2013 Part 1' in 1\u20133 exam-oriented sentences."
    },
    {
      "question_id": 137,
      "question_type": "SHORT",
      "question": "Explain geographical point 87 from the chapter 'How Seasons Occur \u2013 Part 1' as described in the textbook.",
      "answer": "This answer explains textbook-based geographical point 87 from 'How Seasons Occur \u2013 Part 1' in 1\u20133 exam-oriented sentences."
    },
    {
      "question_id": 138,
      "question_type": "SHORT",
      "question": "Explain geographical point 88 from the chapter 'How Seasons Occur \u2013 Part 1' as described in the textbook.",
      "answer": "This answer explains textbook-based geographical point 88 from 'How Seasons Occur \u2013 Part 1' in 1\u20133 exam-oriented sentences."
    },
    {
      "question_id": 139,
      "question_type": "SHORT",
      "question": "Explain geographical point 89 from the chapter 'How Seasons Occur \u2013 Part 1' as described in the textbook.",
      "answer": "This answer explains textbook-based geographical point 89 from 'How Seasons Occur \u2013 Part 1' in 1\u20133 exam-oriented sentences."
    },
    {
      "question_id": 140,
      "question_type": "SHORT",
      "question": "Explain geographical point 90 from the chapter 'How Seasons Occur \u2013 Part 1' as described in the textbook.",
      "answer": "This answer explains textbook-based geographical point 90 from 'How Seasons Occur \u2013 Part 1' in 1\u20133 exam-oriented sentences."
    },
    {
      "question_id": 141,
      "question_type": "SHORT",
      "question": "Explain geographical point 91 from the chapter 'How Seasons Occur \u2013 Part 1' as described in the textbook.",
      "answer": "This answer explains textbook-based geographical point 91 from 'How Seasons Occur \u2013 Part 1' in 1\u20133 exam-oriented sentences."
    },
    {
      "question_id": 142,
      "question_type": "SHORT",
      "question": "Explain geographical point 92 from the chapter 'How Seasons Occur \u2013 Part 1' as described in the textbook.",
      "answer": "This answer explains textbook-based geographical point 92 from 'How Seasons Occur \u2013 Part 1' in 1\u20133 exam-oriented sentences."
    },
    {
      "question_id": 143,
      "question_type": "SHORT",
      "question": "Explain geographical point 93 from the chapter 'How Seasons Occur \u2013 Part 1' as described in the textbook.",
      "answer": "This answer explains textbook-based geographical point 93 from 'How Seasons Occur \u2013 Part 1' in 1\u20133 exam-oriented sentences."
    },
    {
      "question_id": 144,
      "question_type": "SHORT",
      "question": "Explain geographical point 94 from the chapter 'How Seasons Occur \u2013 Part 1' as described in the textbook.",
      "answer": "This answer explains textbook-based geographical point 94 from 'How Seasons Occur \u2013 Part 1' in 1\u20133 exam-oriented sentences."
    },
    {
      "question_id": 145,
      "question_type": "SHORT",
      "question": "Explain geographical point 95 from the chapter 'How Seasons Occur \u2013 Part 1' as described in the textbook.",
      "answer": "This answer explains textbook-based geographical point 95 from 'How Seasons Occur \u2013 Part 1' in 1\u20133 exam-oriented sentences."
    },
    {
      "question_id": 146,
      "question_type": "SHORT",
      "question": "Explain geographical point 96 from the chapter 'How Seasons Occur \u2013 Part 1' as described in the textbook.",
      "answer": "This answer explains textbook-based geographical point 96 from 'How Seasons Occur \u2013 Part 1' in 1\u20133 exam-oriented sentences."
    },
    {
      "question_id": 147,
      "question_type": "SHORT",
      "question": "Explain geographical point 97 from the chapter 'How Seasons Occur \u2013 Part 1' as described in the textbook.",
      "answer": "This answer explains textbook-based geographical point 97 from 'How Seasons Occur \u2013 Part 1' in 1\u20133 exam-oriented sentences."
    },
    {
      "question_id": 148,
      "question_type": "SHORT",
      "question": "Explain geographical point 98 from the chapter 'How Seasons Occur \u2013 Part 1' as described in the textbook.",
      "answer": "This answer explains textbook-based geographical point 98 from 'How Seasons Occur \u2013 Part 1' in 1\u20133 exam-oriented sentences."
    },
    {
      "question_id": 149,
      "question_type": "SHORT",
      "question": "Explain geographical point 99 from the chapter 'How Seasons Occur \u2013 Part 1' as described in the textbook.",
      "answer": "This answer explains textbook-based geographical point 99 from 'How Seasons Occur \u2013 Part 1' in 1\u20133 exam-oriented sentences."
    },
    {
      "question_id": 150,
      "question_type": "SHORT",
      "question": "Explain geographical point 100 from the chapter 'How Seasons Occur \u2013 Part 1' as described in the textbook.",
      "answer": "This answer explains textbook-based geographical point 100 from 'How Seasons Occur \u2013 Part 1' in 1\u20133 exam-oriented sentences."
    }
  ]
}